transaction_id,quote_id,amount,payment_date,status
9e8da430-5e90-4783-b0ef-96a83faff5b5,6d1bf51f-5408-4717-9835-49f116c805e3,30.24,2024-11-17,Success
b1af1821-2f89-43c2-8150-0154d5f3729a,6d1bf51f-5408-4717-9835-49f116c805e3,30.24,2024-12-17,Success
01dbf8f1-d019-4a3d-a2e1-d3d8154e89a9,6d1bf51f-5408-4717-9835-49f116c805e3,30.24,2025-01-16,Success
c14843ad-77f7-4bd8-b19a-9c1ee7b9cb5a,6d1bf51f-5408-4717-9835-49f116c805e3,30.24,2025-02-15,Success
4f5325bf-6e8d-4f59-ac2f-0c36babb299a,6d1bf51f-5408-4717-9835-49f116c805e3,30.24,2025-03-17,Success
1d15075f-dd89-49ea-95aa-199b1ddfe64e,6d1bf51f-5408-4717-9835-49f116c805e3,30.24,2025-04-16,Success
30071339-5eda-4131-bfaa-beafccfdaa10,6d1bf51f-5408-4717-9835-49f116c805e3,30.24,2025-05-16,Success
040da182-24e4-429c-864a-d960364bf57d,6d1bf51f-5408-4717-9835-49f116c805e3,30.24,2025-06-15,Success
117629ab-f614-41ca-a035-06212ef230af,6d1bf51f-5408-4717-9835-49f116c805e3,30.24,2025-07-15,Success
b2ad99f7-e3a4-4110-85af-fa4cf5671d9b,6d1bf51f-5408-4717-9835-49f116c805e3,30.24,2025-08-14,Success
8ddff565-c6c1-4c51-86cb-a6b06d18ef2b,6d1bf51f-5408-4717-9835-49f116c805e3,30.24,2025-09-13,Success
2e1664ee-ff38-42c3-b95f-fec394929479,68b3a814-89f3-4694-8e2f-fc5db950cf5f,146.1,2024-10-06,Success
5bd009d9-678b-40d1-96ab-f3e357670d20,68b3a814-89f3-4694-8e2f-fc5db950cf5f,146.1,2024-11-05,Success
bc0b236a-c870-4aad-a943-82fc3bbbf04a,68b3a814-89f3-4694-8e2f-fc5db950cf5f,146.1,2024-12-05,Success
9a7559e0-5936-49e8-aaea-70f224b6ae13,68b3a814-89f3-4694-8e2f-fc5db950cf5f,146.1,2025-01-04,Success
d1388175-e573-486d-bd9f-46c0936879c2,68b3a814-89f3-4694-8e2f-fc5db950cf5f,146.1,2025-02-03,Success
7b82c925-2ab6-4bc5-a587-9355aa3d02b7,19b6d3fd-3d77-4762-85bd-eed10327b9bf,187.48,2024-01-07,Success
2b29f2ac-4780-484a-98ac-98b1f5085204,19b6d3fd-3d77-4762-85bd-eed10327b9bf,187.48,2024-02-06,Success
57ad2315-f5ae-44df-81a0-a165359b641d,19b6d3fd-3d77-4762-85bd-eed10327b9bf,187.48,2024-03-07,Success
02f50d5d-d99b-4228-b601-aeb28b00e0da,19b6d3fd-3d77-4762-85bd-eed10327b9bf,187.48,2024-04-06,Success
4794156a-aaf8-4310-ae84-0f6d4e3fad16,19b6d3fd-3d77-4762-85bd-eed10327b9bf,187.48,2024-05-06,Success
1e91c8c8-6d05-41b5-be2d-09400d801608,19b6d3fd-3d77-4762-85bd-eed10327b9bf,187.48,2024-06-05,Success
e64bec02-4f74-48ac-8d1e-888651edfc7d,19b6d3fd-3d77-4762-85bd-eed10327b9bf,187.48,2024-07-05,Success
2c0298c9-e795-4342-9e77-d0f4c13cd3b1,19b6d3fd-3d77-4762-85bd-eed10327b9bf,187.48,2024-08-04,Success
41dc9e2c-5da3-48b8-821a-0e72f225af77,19b6d3fd-3d77-4762-85bd-eed10327b9bf,187.48,2024-09-03,Success
41b53ef8-a5ec-418c-a6cd-3124e7071a97,19b6d3fd-3d77-4762-85bd-eed10327b9bf,187.48,2024-10-03,Success
31e50303-f44f-43d7-bc09-f43e456906b0,19b6d3fd-3d77-4762-85bd-eed10327b9bf,187.48,2024-11-02,Success
0876f0a6-5852-423f-8c3e-1e5dcbb87b30,2b3daaef-e905-4ea9-8e91-24301c7ae5f0,65.78,2024-03-26,Success
f0dbd7fe-bb67-4abc-bad0-17380d75fda4,2b3daaef-e905-4ea9-8e91-24301c7ae5f0,65.78,2024-04-25,Success
2b5c6294-ff63-4fb1-b3bc-7e078ae039d4,2b3daaef-e905-4ea9-8e91-24301c7ae5f0,65.78,2024-05-25,Success
f64bad1d-402f-4792-942f-795582b4fdbf,2b3daaef-e905-4ea9-8e91-24301c7ae5f0,65.78,2024-06-24,Success
ede211f4-d7c9-4f35-bf56-09dd3ca1f3db,2b3daaef-e905-4ea9-8e91-24301c7ae5f0,65.78,2024-07-24,Success
9cb7596e-3aca-49c1-b4c4-d697388eeb08,2b3daaef-e905-4ea9-8e91-24301c7ae5f0,65.78,2024-08-23,Success
62ccd86b-a151-4706-8235-3a0ac69e8bbd,7008dfac-5aba-4c09-9cf4-0232d6ef5acd,123.58,2024-05-11,Success
333f06eb-a81b-4d54-87e8-e8cfcb46d05d,7008dfac-5aba-4c09-9cf4-0232d6ef5acd,123.58,2024-06-10,Success
1c5465bf-9dd4-4678-9255-67e5cb676fe8,7008dfac-5aba-4c09-9cf4-0232d6ef5acd,123.58,2024-07-10,Success
bfab2b6a-08af-4501-b03f-f101936f845f,34664e8b-b555-4934-9477-0b313cb51d44,184.87,2024-02-04,Success
dadb2eeb-fc58-498b-aeff-f1bdd235f7d0,34664e8b-b555-4934-9477-0b313cb51d44,184.87,2024-03-05,Success
7f2d79be-39c3-485e-b4f8-a3c690bfc82f,34664e8b-b555-4934-9477-0b313cb51d44,184.87,2024-04-04,Success
fa334609-1622-4280-84d4-b7afd84273a8,c9d6f635-4074-4201-a2ab-964cbc8fc85c,112.89,2024-03-07,Success
82b5620b-0d9d-4be8-a9ee-7ec527ec5605,c9d6f635-4074-4201-a2ab-964cbc8fc85c,112.89,2024-04-06,Success
a92739d5-c610-4b95-a537-a5cc218e420c,c9d6f635-4074-4201-a2ab-964cbc8fc85c,112.89,2024-05-06,Success
a1aa0355-2a4a-409d-a407-6bc125199d9c,c9d6f635-4074-4201-a2ab-964cbc8fc85c,112.89,2024-06-05,Success
ee82ef11-72e2-4de6-a8f1-3c4b66374a81,c9d6f635-4074-4201-a2ab-964cbc8fc85c,112.89,2024-07-05,Success
944db169-4f2d-49f9-83d9-d0825143afa6,c9d6f635-4074-4201-a2ab-964cbc8fc85c,112.89,2024-08-04,Success
769b8ed6-8e53-4eb2-ab6f-2e9c1c11b05f,c9d6f635-4074-4201-a2ab-964cbc8fc85c,112.89,2024-09-03,Success
a222d323-12fb-4f4f-b8ba-0f7aadbd2c0a,c9d6f635-4074-4201-a2ab-964cbc8fc85c,112.89,2024-10-03,Failed
9c7d03aa-6696-4320-a59d-8de265ea46f4,c9d6f635-4074-4201-a2ab-964cbc8fc85c,112.89,2024-11-02,Success
6bfd8413-0545-4541-ba7f-b4370941d2e5,c9d6f635-4074-4201-a2ab-964cbc8fc85c,112.89,2024-12-02,Success
8424fc93-7cf1-4454-a034-9163b65c0791,c9d6f635-4074-4201-a2ab-964cbc8fc85c,112.89,2025-01-01,Success
6fbd324a-8a4c-4d20-8064-47c4c0ac1883,c9d6f635-4074-4201-a2ab-964cbc8fc85c,112.89,2025-01-31,Success
e76de072-f92c-45d0-9d30-30a4c91c0407,73a6cb50-bc37-4535-b72e-acf1ca63dfaa,154.03,2024-04-30,Success
871031d4-7986-4ad7-b29c-e2282a51df4d,73a6cb50-bc37-4535-b72e-acf1ca63dfaa,154.03,2024-05-30,Success
be4abc6e-bab3-405e-852b-a111dd3e46d6,73a6cb50-bc37-4535-b72e-acf1ca63dfaa,154.03,2024-06-29,Failed
db9c7a34-8772-4f9d-8adb-b4ecb8afaa2e,73a6cb50-bc37-4535-b72e-acf1ca63dfaa,154.03,2024-07-29,Success
66228d3d-d13a-4389-99e9-e52a2f153d2b,73a6cb50-bc37-4535-b72e-acf1ca63dfaa,154.03,2024-08-28,Success
2d2a8981-ec57-4bae-85e0-9bfa46ae3878,73a6cb50-bc37-4535-b72e-acf1ca63dfaa,154.03,2024-09-27,Success
eeffea75-681b-42d4-81ed-532ec966cdb9,73a6cb50-bc37-4535-b72e-acf1ca63dfaa,154.03,2024-10-27,Success
eebb9758-796b-4777-8074-b5f5e356b3a9,73a6cb50-bc37-4535-b72e-acf1ca63dfaa,154.03,2024-11-26,Success
37ea7c2e-252d-4224-80b4-68f7d4a2edcf,73a6cb50-bc37-4535-b72e-acf1ca63dfaa,154.03,2024-12-26,Failed
21b17b5b-6783-44c3-8374-7f6fbdea5411,73a6cb50-bc37-4535-b72e-acf1ca63dfaa,154.03,2025-01-25,Success
2fb9f88f-81b9-4598-9460-b3c8302765f6,73a6cb50-bc37-4535-b72e-acf1ca63dfaa,154.03,2025-02-24,Success
a152ad16-5ea6-417c-bf88-d72dd21a3ac7,73a6cb50-bc37-4535-b72e-acf1ca63dfaa,154.03,2025-03-26,Success
7b29e1a6-0160-4626-810b-34649dd2f09d,83b7dbca-41f2-44b1-8c1c-567c926c2ed0,32.84,2024-02-16,Success
ea9122a3-25e6-4e39-a018-99af04fd8382,83b7dbca-41f2-44b1-8c1c-567c926c2ed0,32.84,2024-03-17,Success
d6b9c96a-4b37-4994-8af7-3884b70743c6,83b7dbca-41f2-44b1-8c1c-567c926c2ed0,32.84,2024-04-16,Success
5b126a43-1b9b-4f46-8c54-4158e4067a21,83b7dbca-41f2-44b1-8c1c-567c926c2ed0,32.84,2024-05-16,Success
54832eb4-cf51-4aee-aaec-52f07951d68f,8c36e8af-5eb6-4432-a8e2-e1c7a9218b36,116.44,2024-07-24,Success
54359e4b-0654-43c2-9532-86ede14dccce,8c36e8af-5eb6-4432-a8e2-e1c7a9218b36,116.44,2024-08-23,Success
328ccb56-5ea9-4eda-9289-6903f8cb5eff,8c36e8af-5eb6-4432-a8e2-e1c7a9218b36,116.44,2024-09-22,Success
281de771-8121-4b4f-9a63-45a22a66fa79,8c36e8af-5eb6-4432-a8e2-e1c7a9218b36,116.44,2024-10-22,Success
c6fc4585-ceff-4b7d-a945-78518b986688,8c36e8af-5eb6-4432-a8e2-e1c7a9218b36,116.44,2024-11-21,Success
4b33b9b7-f6a1-4a4b-997f-0c1c041e55e3,8c36e8af-5eb6-4432-a8e2-e1c7a9218b36,116.44,2024-12-21,Success
b14e6ce7-532d-4320-997f-94a93dbbbd69,8c36e8af-5eb6-4432-a8e2-e1c7a9218b36,116.44,2025-01-20,Success
277781c1-e714-43cd-9e8c-6806455bd387,8c36e8af-5eb6-4432-a8e2-e1c7a9218b36,116.44,2025-02-19,Success
b6271fec-acb1-4327-b475-2e2a4d8798e5,8c36e8af-5eb6-4432-a8e2-e1c7a9218b36,116.44,2025-03-21,Success
ba5a74e3-de72-4b85-8c7d-2414b6ca4dd0,f0615b4e-1457-4a75-90ce-1b58f572d8bb,152.23,2024-08-04,Success
4510f832-1cc1-45f1-9b5e-a1dc76b3f5fb,f0615b4e-1457-4a75-90ce-1b58f572d8bb,152.23,2024-09-03,Success
3addee7b-7a08-4949-9ada-437b9b3277f0,f0615b4e-1457-4a75-90ce-1b58f572d8bb,152.23,2024-10-03,Success
0a2f67dd-e639-4e63-a08e-561ebade4a8a,f0615b4e-1457-4a75-90ce-1b58f572d8bb,152.23,2024-11-02,Failed
859b4b49-95d5-499e-97e6-f378a4c58514,63786b81-71c6-4743-a175-ec8acee8afb1,152.36,2024-10-25,Success
eae25787-35ba-4348-898c-ce5759ed2909,63786b81-71c6-4743-a175-ec8acee8afb1,152.36,2024-11-24,Success
1b470092-6fe3-4d1b-8e14-2a1d8d7bf373,63786b81-71c6-4743-a175-ec8acee8afb1,152.36,2024-12-24,Success
a0d8fdc8-f349-41c8-9164-d78a7696cbe1,63786b81-71c6-4743-a175-ec8acee8afb1,152.36,2025-01-23,Success
a1cd1097-6bd1-49e1-80bd-69b2fd89007b,63786b81-71c6-4743-a175-ec8acee8afb1,152.36,2025-02-22,Success
5416effd-665d-46a8-a782-80ed68a4b2ce,63786b81-71c6-4743-a175-ec8acee8afb1,152.36,2025-03-24,Success
c9a2cdcd-2b63-4d5a-8ae4-214a7060638a,63786b81-71c6-4743-a175-ec8acee8afb1,152.36,2025-04-23,Success
62f99dce-9b4f-4091-8c53-cf85f5ece35e,63786b81-71c6-4743-a175-ec8acee8afb1,152.36,2025-05-23,Success
3d3c5040-345e-4bb9-adee-2de6311f65c1,136654f8-22a1-4c84-acae-7c7e3db86751,110.67,2024-09-24,Success
b9ee0cc8-599a-4e0a-a426-88f46b0f702c,136654f8-22a1-4c84-acae-7c7e3db86751,110.67,2024-10-24,Success
a613d85f-f926-426b-a362-44ec3bd5d1fd,136654f8-22a1-4c84-acae-7c7e3db86751,110.67,2024-11-23,Success
e45fccc0-6e17-42dd-8db4-4c64a46defd1,136654f8-22a1-4c84-acae-7c7e3db86751,110.67,2024-12-23,Failed
32bac39e-c2e4-4722-a85a-6e6a305b8a0f,136654f8-22a1-4c84-acae-7c7e3db86751,110.67,2025-01-22,Success
d97b3168-cf82-4217-b700-1e276f522a07,136654f8-22a1-4c84-acae-7c7e3db86751,110.67,2025-02-21,Success
8f6455d6-2cda-4c1a-9d2b-a1dfd2ff2347,136654f8-22a1-4c84-acae-7c7e3db86751,110.67,2025-03-23,Success
2d1e0108-1b61-45f9-a496-5c02d0fb2a86,136654f8-22a1-4c84-acae-7c7e3db86751,110.67,2025-04-22,Success
36cf0fc1-c8e3-47ab-b354-b71e8f12f256,136654f8-22a1-4c84-acae-7c7e3db86751,110.67,2025-05-22,Success
23aa1b95-bdcd-406a-8ca9-05f04fa10168,136654f8-22a1-4c84-acae-7c7e3db86751,110.67,2025-06-21,Success
b1067c89-635f-4cc4-b233-c0ab0729920d,136654f8-22a1-4c84-acae-7c7e3db86751,110.67,2025-07-21,Success
f834327d-8c74-47dd-8a40-589c477bca87,ef413e0f-9a3b-4dda-b3a2-228a03131bf5,157.93,2024-04-10,Success
63b5346f-851f-4782-96c6-5b4e6772f44b,ef413e0f-9a3b-4dda-b3a2-228a03131bf5,157.93,2024-05-10,Failed
8b03e081-4f4d-4b8d-a0f3-cc9722752f1d,ef413e0f-9a3b-4dda-b3a2-228a03131bf5,157.93,2024-06-09,Success
5186e9be-151e-49d7-979d-24f2c6923a46,d00d7246-f232-496c-b9fb-2118eda8df80,42.91,2025-01-04,Success
0eea3235-7543-4c1f-aecb-845649898e66,d00d7246-f232-496c-b9fb-2118eda8df80,42.91,2025-02-03,Success
877ed73c-f218-4eea-9273-c3c6d1482cfb,d00d7246-f232-496c-b9fb-2118eda8df80,42.91,2025-03-05,Success
212b334c-952d-4776-8314-417c54949a24,d00d7246-f232-496c-b9fb-2118eda8df80,42.91,2025-04-04,Failed
0b6ede01-9269-47b3-bce5-0f34c5f9a195,d00d7246-f232-496c-b9fb-2118eda8df80,42.91,2025-05-04,Success
827771b5-3240-48d1-b59d-63e4195b2978,0c085307-41a7-477c-ae36-5cbc348da5c7,93.94,2024-01-16,Success
f9c37dfe-8bee-4ea3-a63c-a0edb2806c24,0c085307-41a7-477c-ae36-5cbc348da5c7,93.94,2024-02-15,Success
7d3fc2cb-47b2-4cda-af1b-5bd4ed320896,0c085307-41a7-477c-ae36-5cbc348da5c7,93.94,2024-03-16,Success
6e621e66-1b4a-4fb9-9acd-b2366eb994f9,0c085307-41a7-477c-ae36-5cbc348da5c7,93.94,2024-04-15,Success
aef793cb-7fcb-4eeb-ad65-45375d6931fa,0c085307-41a7-477c-ae36-5cbc348da5c7,93.94,2024-05-15,Success
f2ec7676-f4cd-47a3-8261-0c9432dc64eb,0c085307-41a7-477c-ae36-5cbc348da5c7,93.94,2024-06-14,Success
6835848b-bdaa-4d14-aab0-2ff9eb0d32bf,0c085307-41a7-477c-ae36-5cbc348da5c7,93.94,2024-07-14,Success
e9a4c00f-451b-4983-bf58-95513a0dc6c1,0c085307-41a7-477c-ae36-5cbc348da5c7,93.94,2024-08-13,Success
fc7dde55-8a84-4bfd-b3ab-b96c461e5a39,0b27806e-a3b4-48bf-84db-499767d64738,48.14,2024-02-13,Success
438b247f-270c-4106-8fe5-7d91d4a7103a,0b27806e-a3b4-48bf-84db-499767d64738,48.14,2024-03-14,Failed
a79761af-7cdc-47e8-ae14-0bf47f94817e,0b27806e-a3b4-48bf-84db-499767d64738,48.14,2024-04-13,Success
cabaec60-2bd8-4343-b7ba-763523d24308,0b27806e-a3b4-48bf-84db-499767d64738,48.14,2024-05-13,Success
6b7b6dd3-cd09-4055-a456-cf2ec191f3e5,0b27806e-a3b4-48bf-84db-499767d64738,48.14,2024-06-12,Success
125112a9-ebc4-4005-bfb0-4d99e2e6129a,0b27806e-a3b4-48bf-84db-499767d64738,48.14,2024-07-12,Success
bcffe51c-18ec-4e0f-9614-8e74d21d7626,0b27806e-a3b4-48bf-84db-499767d64738,48.14,2024-08-11,Success
930f35fb-2cee-4c67-8c42-53acc4f62925,31668d9d-c41c-4504-a537-4922c7142deb,45.44,2024-12-10,Success
cf91c608-97e5-491b-a0ed-f140c1a6da7a,31668d9d-c41c-4504-a537-4922c7142deb,45.44,2025-01-09,Success
a562b23c-55c3-4909-8e42-f84f416296fe,31668d9d-c41c-4504-a537-4922c7142deb,45.44,2025-02-08,Success
d523f8ee-e133-470e-b671-9392bc744872,31668d9d-c41c-4504-a537-4922c7142deb,45.44,2025-03-10,Success
53560a6a-58d9-480c-95c7-5a37415f77cb,31668d9d-c41c-4504-a537-4922c7142deb,45.44,2025-04-09,Success
b0c03183-1362-4977-965f-f8e260bf5c1d,31668d9d-c41c-4504-a537-4922c7142deb,45.44,2025-05-09,Success
13489e6a-580e-4a0d-bb69-2e519c08c46c,2510073c-825a-4bcd-8f67-bed85c6c0a30,193.54,2024-12-16,Success
00ddcb9e-9e23-4f1d-b789-25a9bcbfcf1c,2510073c-825a-4bcd-8f67-bed85c6c0a30,193.54,2025-01-15,Success
6ea30ec1-7e32-4d4c-ad42-a636f1b27c02,2510073c-825a-4bcd-8f67-bed85c6c0a30,193.54,2025-02-14,Success
d41fad48-39bb-475f-8734-036a9150487b,2510073c-825a-4bcd-8f67-bed85c6c0a30,193.54,2025-03-16,Success
91fce20d-528b-4980-8f40-09a3266e139d,2510073c-825a-4bcd-8f67-bed85c6c0a30,193.54,2025-04-15,Success
b648519b-9e0a-4627-a78f-13f1d59fcc0b,2510073c-825a-4bcd-8f67-bed85c6c0a30,193.54,2025-05-15,Success
7cc44eda-342c-492e-b087-da5633eff1ac,2510073c-825a-4bcd-8f67-bed85c6c0a30,193.54,2025-06-14,Success
b242f2c8-7bcd-4876-b687-47cad6a1d355,2510073c-825a-4bcd-8f67-bed85c6c0a30,193.54,2025-07-14,Success
2117d8db-2120-4365-bed5-c21f9600cbd4,2510073c-825a-4bcd-8f67-bed85c6c0a30,193.54,2025-08-13,Success
ccee00bf-2698-4f57-ada9-dc8f13738a10,2510073c-825a-4bcd-8f67-bed85c6c0a30,193.54,2025-09-12,Success
749286e6-adf8-4b59-b9db-f863a93071f9,2510073c-825a-4bcd-8f67-bed85c6c0a30,193.54,2025-10-12,Success
00e7804f-3c72-4e07-97bb-7589c710f556,2510073c-825a-4bcd-8f67-bed85c6c0a30,193.54,2025-11-11,Success
f6ad08c6-2780-49d3-963c-8575d8821436,95d01b59-4763-4ebc-b7b9-a9f76463c958,184.47,2024-07-15,Success
1be07406-d16a-44c0-99d8-6ab6861ab168,95d01b59-4763-4ebc-b7b9-a9f76463c958,184.47,2024-08-14,Success
bd13e57e-b1fa-434b-825c-4a3f26504b23,95d01b59-4763-4ebc-b7b9-a9f76463c958,184.47,2024-09-13,Success
034ce1fc-7c85-4799-9673-dcc8d8c1bffb,7f9d781d-e266-4399-b5a3-9691f1cce079,66.1,2024-04-11,Success
dadb8fd4-86f0-4cf4-abe6-ebce14b4ed3a,7f9d781d-e266-4399-b5a3-9691f1cce079,66.1,2024-05-11,Success
9cf509b3-b38c-4d62-a922-40c1d66d6095,7f9d781d-e266-4399-b5a3-9691f1cce079,66.1,2024-06-10,Success
25f2da3e-143f-448b-bfa0-0ff823f0e0d9,7f9d781d-e266-4399-b5a3-9691f1cce079,66.1,2024-07-10,Success
651c4406-7b1f-4553-966e-36387b63e356,7f9d781d-e266-4399-b5a3-9691f1cce079,66.1,2024-08-09,Success
df5561ea-2948-46b9-a530-b79df089f031,6764c4a0-4831-4aa8-bb60-0cc06f3cd360,170.2,2024-07-07,Success
ceb83b4c-409f-450c-9ece-784081ba6b10,6764c4a0-4831-4aa8-bb60-0cc06f3cd360,170.2,2024-08-06,Success
5d979a02-4adc-43ed-9591-5b144eea70ce,6764c4a0-4831-4aa8-bb60-0cc06f3cd360,170.2,2024-09-05,Success
c7f5defe-d8dc-45b4-83f4-7ca32086f72f,fc376886-8b15-4b4f-bd54-f852a33ad7ef,199.21,2024-11-22,Success
cc2ca8e7-d194-4aa6-8802-80e45303d75f,fc376886-8b15-4b4f-bd54-f852a33ad7ef,199.21,2024-12-22,Success
69fb83f0-8c67-4852-aeb5-6c9d055034d2,fc376886-8b15-4b4f-bd54-f852a33ad7ef,199.21,2025-01-21,Success
689acffd-832f-4318-ad24-259151206f6f,fc376886-8b15-4b4f-bd54-f852a33ad7ef,199.21,2025-02-20,Success
139379fd-1953-4a78-a193-25d9b641139c,fc376886-8b15-4b4f-bd54-f852a33ad7ef,199.21,2025-03-22,Success
66cd42ba-d663-43f5-90ac-e567ed7fae58,fc376886-8b15-4b4f-bd54-f852a33ad7ef,199.21,2025-04-21,Success
afab2b79-e620-4982-831b-0ba42a707cbf,fc376886-8b15-4b4f-bd54-f852a33ad7ef,199.21,2025-05-21,Failed
ccd0a3cb-85be-4267-b031-76fa13f25b51,55939914-3272-4f02-9a6c-e9931851ac56,36.92,2024-04-16,Success
921b5112-afe5-4eea-a81d-c3eb9e524da1,55939914-3272-4f02-9a6c-e9931851ac56,36.92,2024-05-16,Success
08d84401-d9ed-41db-b5c1-8fd7bfd91637,55939914-3272-4f02-9a6c-e9931851ac56,36.92,2024-06-15,Success
2f4b432b-b6dc-4663-9072-0a5c688d4c25,55939914-3272-4f02-9a6c-e9931851ac56,36.92,2024-07-15,Success
2315c3f4-a55d-4fc8-8df8-db2a1cce3b2b,55939914-3272-4f02-9a6c-e9931851ac56,36.92,2024-08-14,Success
bfd5aeb7-1840-4c71-88d7-66eaa31ca531,55939914-3272-4f02-9a6c-e9931851ac56,36.92,2024-09-13,Success
a36d40e9-013b-4ed1-9694-40cf6e638049,55939914-3272-4f02-9a6c-e9931851ac56,36.92,2024-10-13,Success
561ab795-29ff-4c9c-bf22-d57fda2312d0,55939914-3272-4f02-9a6c-e9931851ac56,36.92,2024-11-12,Success
e5dab913-33ec-4854-8217-5103476dab18,55939914-3272-4f02-9a6c-e9931851ac56,36.92,2024-12-12,Success
28795e7d-dc40-4316-9505-8ec8e63a13e5,66f5c290-72e3-4ff8-907e-c92a7eaa3bcd,138.56,2024-11-26,Success
b420e06c-3f85-459b-b2e2-3fa9b274606a,66f5c290-72e3-4ff8-907e-c92a7eaa3bcd,138.56,2024-12-26,Success
d1af75ab-3308-404a-937a-71976578f7ff,66f5c290-72e3-4ff8-907e-c92a7eaa3bcd,138.56,2025-01-25,Success
925c31cf-0063-4d8a-aefd-d3926ee23bfd,66f5c290-72e3-4ff8-907e-c92a7eaa3bcd,138.56,2025-02-24,Success
4e02ae62-9be3-4cb3-8287-30a838671d30,66f5c290-72e3-4ff8-907e-c92a7eaa3bcd,138.56,2025-03-26,Success
979d8b8e-7833-423a-8c6d-3d91ed6ae2b7,66f5c290-72e3-4ff8-907e-c92a7eaa3bcd,138.56,2025-04-25,Success
a32a7d89-4257-4fe8-9e66-57ee56dd38a6,66f5c290-72e3-4ff8-907e-c92a7eaa3bcd,138.56,2025-05-25,Success
7975d78a-f16b-4160-b814-3d71229f1bf6,66f5c290-72e3-4ff8-907e-c92a7eaa3bcd,138.56,2025-06-24,Success
8912bea6-b554-4db0-b93b-50947bc1f093,66f5c290-72e3-4ff8-907e-c92a7eaa3bcd,138.56,2025-07-24,Success
1453bb9e-6e92-4b94-a9c1-b47074e12c62,66f5c290-72e3-4ff8-907e-c92a7eaa3bcd,138.56,2025-08-23,Success
dd5e4af9-eaa1-460f-a598-c7bb64814b81,de079c94-69e2-4770-a0ba-ebf01e6b1085,85.38,2024-04-16,Success
b8549ad8-0415-4001-93a8-d66815aa8239,de079c94-69e2-4770-a0ba-ebf01e6b1085,85.38,2024-05-16,Success
5bcde28d-eee2-434f-908b-bd214de71ab1,de079c94-69e2-4770-a0ba-ebf01e6b1085,85.38,2024-06-15,Success
ce0bd6fc-9ae4-4868-8f67-828461afa55c,0f5373d8-efe4-4dd5-8d25-84ad3540c633,117.61,2024-04-29,Success
665a198a-0c4a-4853-b9a2-8ee68b34b08c,0f5373d8-efe4-4dd5-8d25-84ad3540c633,117.61,2024-05-29,Success
267fafdd-914a-442b-a6f9-523081cee98e,0f5373d8-efe4-4dd5-8d25-84ad3540c633,117.61,2024-06-28,Success
b44bcbc5-1c6a-47a9-9a6b-c860c57abbaf,0f5373d8-efe4-4dd5-8d25-84ad3540c633,117.61,2024-07-28,Success
5283209d-774b-4bd4-870c-7610aaa93c33,5e6bda73-4de9-49ca-b6b9-9b29921d14bd,93.65,2024-10-05,Success
7025689e-a8db-4424-9220-28c8b44e137f,5e6bda73-4de9-49ca-b6b9-9b29921d14bd,93.65,2024-11-04,Success
e02ff1b7-4677-4196-b9ad-130d60663e1a,5e6bda73-4de9-49ca-b6b9-9b29921d14bd,93.65,2024-12-04,Success
53bf0b7f-2b22-4ffc-9b05-ad2407064956,5e6bda73-4de9-49ca-b6b9-9b29921d14bd,93.65,2025-01-03,Success
b1dda0a3-7cf0-44c7-bb52-f26b24a8ca60,5e6bda73-4de9-49ca-b6b9-9b29921d14bd,93.65,2025-02-02,Failed
3a2bdcef-ebb2-4847-b5ab-60144080ba0e,5e6bda73-4de9-49ca-b6b9-9b29921d14bd,93.65,2025-03-04,Success
dc9ab9d7-2fd2-4897-a8e8-1f78eee20488,5e6bda73-4de9-49ca-b6b9-9b29921d14bd,93.65,2025-04-03,Success
eab776fd-1ff1-4d0b-a721-4a9664f020b8,5e6bda73-4de9-49ca-b6b9-9b29921d14bd,93.65,2025-05-03,Success
8c14c1ee-a164-4776-8687-6e88230edea9,5e6bda73-4de9-49ca-b6b9-9b29921d14bd,93.65,2025-06-02,Success
3555d334-9055-4dbb-8e95-642c0a232422,5e6bda73-4de9-49ca-b6b9-9b29921d14bd,93.65,2025-07-02,Success
c37ba912-a79a-4f23-85da-3e3c57e05bbc,5e6bda73-4de9-49ca-b6b9-9b29921d14bd,93.65,2025-08-01,Success
63242a54-6ad9-4496-a397-e8c6a92f7cc5,0f55d97d-86ee-4e1f-b8d0-22a9ee8c12c6,45.56,2024-08-31,Success
bc696412-5173-4641-a550-36b8bca33c61,0f55d97d-86ee-4e1f-b8d0-22a9ee8c12c6,45.56,2024-09-30,Success
29f55970-a232-4e55-9f54-c05dbe934b74,0f55d97d-86ee-4e1f-b8d0-22a9ee8c12c6,45.56,2024-10-30,Success
328dc7ef-8b1d-45f8-b909-49e14f4a507b,0f55d97d-86ee-4e1f-b8d0-22a9ee8c12c6,45.56,2024-11-29,Success
7114580e-2bbe-4375-a04b-5428887b2843,0f55d97d-86ee-4e1f-b8d0-22a9ee8c12c6,45.56,2024-12-29,Success
90d04096-25df-4240-a2b2-b93b8c9c3158,0f55d97d-86ee-4e1f-b8d0-22a9ee8c12c6,45.56,2025-01-28,Success
719743e8-3d79-4bc0-9c56-faedce0e85a4,0f55d97d-86ee-4e1f-b8d0-22a9ee8c12c6,45.56,2025-02-27,Success
3601fb9e-a864-4fa0-b621-435b8141675c,0f55d97d-86ee-4e1f-b8d0-22a9ee8c12c6,45.56,2025-03-29,Success
9169a59f-83ec-43ae-87b0-15f1dcc210c1,0f55d97d-86ee-4e1f-b8d0-22a9ee8c12c6,45.56,2025-04-28,Success
b8d94f90-4061-4ca3-a2d4-e328e98608d8,252903f5-521a-49da-ad4a-d758982428d0,146.51,2024-12-23,Success
00bbef11-994e-4bbe-86f7-9bec90e08d00,252903f5-521a-49da-ad4a-d758982428d0,146.51,2025-01-22,Success
37992603-cfa0-4922-800f-1e6fd284ccc2,252903f5-521a-49da-ad4a-d758982428d0,146.51,2025-02-21,Success
bee6ae9f-d200-44bd-a79f-5f6e731ccde0,252903f5-521a-49da-ad4a-d758982428d0,146.51,2025-03-23,Success
8c1d26de-68fa-4a22-8f38-c2dc243b0137,252903f5-521a-49da-ad4a-d758982428d0,146.51,2025-04-22,Success
273843d1-a7a0-4b63-88d4-ce31ec9b513b,252903f5-521a-49da-ad4a-d758982428d0,146.51,2025-05-22,Success
26991492-7f2c-4fa6-8ab9-af94bb4d6ab6,252903f5-521a-49da-ad4a-d758982428d0,146.51,2025-06-21,Success
b482a67f-4857-4b95-9d70-92488e919c31,252903f5-521a-49da-ad4a-d758982428d0,146.51,2025-07-21,Success
963b58ab-701f-42c6-a201-f1285a0ce11e,642db317-2ff5-452d-a6fd-4ae07301b9e0,87.27,2024-03-11,Success
64a22a13-1ed7-421d-9b45-dce7c3ce5b63,642db317-2ff5-452d-a6fd-4ae07301b9e0,87.27,2024-04-10,Success
6fa36a81-b414-434d-b494-26fde205b1ad,642db317-2ff5-452d-a6fd-4ae07301b9e0,87.27,2024-05-10,Success
fc66b2f0-321d-4263-b5d9-99c17a4cf94d,642db317-2ff5-452d-a6fd-4ae07301b9e0,87.27,2024-06-09,Success
718fa5e9-7d80-4691-80bb-6da691bc245f,642db317-2ff5-452d-a6fd-4ae07301b9e0,87.27,2024-07-09,Success
84cc9425-f5e7-4bbf-abed-77239e3453ae,642db317-2ff5-452d-a6fd-4ae07301b9e0,87.27,2024-08-08,Success
394403bd-01fe-43c8-8061-d4354a959806,642db317-2ff5-452d-a6fd-4ae07301b9e0,87.27,2024-09-07,Success
27bb5c70-d7f9-4b16-b703-7dbd32f9e4cd,642db317-2ff5-452d-a6fd-4ae07301b9e0,87.27,2024-10-07,Success
b48415d8-5413-4fd9-abe8-702d4dca0898,642db317-2ff5-452d-a6fd-4ae07301b9e0,87.27,2024-11-06,Success
36b5759f-5f69-4fe9-8c0d-46a3b235e237,642db317-2ff5-452d-a6fd-4ae07301b9e0,87.27,2024-12-06,Success
2223e32e-1f29-4039-bfaa-bbbb07693690,642db317-2ff5-452d-a6fd-4ae07301b9e0,87.27,2025-01-05,Success
c6cfcbc5-696f-4346-9f95-04eabc1b0e85,642db317-2ff5-452d-a6fd-4ae07301b9e0,87.27,2025-02-04,Success
2d7ae18c-3028-409f-9a98-0ba1dc1e6b57,ade5369c-d37c-431a-b0a4-98340fde8b79,66.7,2024-08-30,Success
1af8ec44-2cac-4ddc-8d0a-47454ef562a7,ade5369c-d37c-431a-b0a4-98340fde8b79,66.7,2024-09-29,Success
635912fd-6214-4225-9de0-a770649e0d41,ade5369c-d37c-431a-b0a4-98340fde8b79,66.7,2024-10-29,Success
74a0c586-4a4a-4e76-b1b6-a442a39ca8e3,ade5369c-d37c-431a-b0a4-98340fde8b79,66.7,2024-11-28,Success
a363eed2-bfed-4e49-ab4f-232dc8c8556d,ade5369c-d37c-431a-b0a4-98340fde8b79,66.7,2024-12-28,Success
3aa2df5e-28fe-48c6-a527-54caf8a764c4,ade5369c-d37c-431a-b0a4-98340fde8b79,66.7,2025-01-27,Success
463876b5-84aa-497f-b1e0-df3bbc547a6f,ade5369c-d37c-431a-b0a4-98340fde8b79,66.7,2025-02-26,Success
a6bd289d-9c76-4054-858a-109806205ecf,ade5369c-d37c-431a-b0a4-98340fde8b79,66.7,2025-03-28,Success
c4eabdcb-04fc-490b-bc3d-a43690e02b96,ade5369c-d37c-431a-b0a4-98340fde8b79,66.7,2025-04-27,Success
e233d63f-2441-435d-8326-d74900820e02,ade5369c-d37c-431a-b0a4-98340fde8b79,66.7,2025-05-27,Failed
3e94d464-48ef-40f1-aaff-a478c9a9c871,067525e2-e49c-4583-a91c-138f499612a0,184.36,2024-10-26,Success
42fe5110-dcd0-4a01-92ed-e6f7a185b0f5,067525e2-e49c-4583-a91c-138f499612a0,184.36,2024-11-25,Failed
866cc82d-0b50-4c3f-afa5-2f56b431ea6a,067525e2-e49c-4583-a91c-138f499612a0,184.36,2024-12-25,Success
f7a782b4-ebc1-453b-b288-938427c18896,067525e2-e49c-4583-a91c-138f499612a0,184.36,2025-01-24,Success
c790482d-e729-46ea-a816-641a48dafdec,067525e2-e49c-4583-a91c-138f499612a0,184.36,2025-02-23,Success
ee9a9ddf-7d17-4f2b-96be-687790f39a24,067525e2-e49c-4583-a91c-138f499612a0,184.36,2025-03-25,Success
228c0075-8771-434f-8004-3a45de8a434c,067525e2-e49c-4583-a91c-138f499612a0,184.36,2025-04-24,Success
f7d76954-d0a4-4c20-a688-b51afdcc1e38,067525e2-e49c-4583-a91c-138f499612a0,184.36,2025-05-24,Success
6525d3d8-860f-47af-addb-c21ff53f79e4,0cac15b3-147e-47d8-bb8b-145e4f8d118d,22.61,2024-09-30,Success
9d9e4e7a-881a-461c-a174-fbde2e277c59,0cac15b3-147e-47d8-bb8b-145e4f8d118d,22.61,2024-10-30,Success
b04dc970-eaf8-427a-b45e-044a3f28a949,0cac15b3-147e-47d8-bb8b-145e4f8d118d,22.61,2024-11-29,Success
1ca56c1a-f8c1-43b0-a25e-84a0243a6ced,0cac15b3-147e-47d8-bb8b-145e4f8d118d,22.61,2024-12-29,Success
c7baae6a-9b82-42b4-8d83-6a5255edd645,0cac15b3-147e-47d8-bb8b-145e4f8d118d,22.61,2025-01-28,Success
d68caa4b-76ef-467e-89cd-b9430ee851d8,0cac15b3-147e-47d8-bb8b-145e4f8d118d,22.61,2025-02-27,Success
1588a9a1-2525-4c9a-8097-da46669ef352,10febb76-259d-4902-a370-4a4c83f25ea6,152.6,2024-01-11,Success
d11670af-cc4f-4c0c-a107-9eb027b42aa6,10febb76-259d-4902-a370-4a4c83f25ea6,152.6,2024-02-10,Failed
8f743fc9-46e4-4758-a678-233bd8da56df,10febb76-259d-4902-a370-4a4c83f25ea6,152.6,2024-03-11,Success
2a6b2984-81c8-4da8-9fca-13800a652f3d,10febb76-259d-4902-a370-4a4c83f25ea6,152.6,2024-04-10,Success
65ad3e91-e131-418d-ba67-5f99e526c081,10febb76-259d-4902-a370-4a4c83f25ea6,152.6,2024-05-10,Success
4354e879-b64d-4be7-a506-4ea1e71ca205,10febb76-259d-4902-a370-4a4c83f25ea6,152.6,2024-06-09,Success
d85f48d4-8622-4a86-8bd0-84f50b8ca038,10febb76-259d-4902-a370-4a4c83f25ea6,152.6,2024-07-09,Success
9cddf314-6fb6-4a4c-8aff-e610eed606e1,11e5341d-ef47-4131-9f01-aa28a39b8b78,168.86,2024-08-30,Success
4f5ee3e9-217c-4f0a-b46b-6f2bc579582a,11e5341d-ef47-4131-9f01-aa28a39b8b78,168.86,2024-09-29,Success
4161c7ec-56b5-4bed-aadc-58677da3baa0,11e5341d-ef47-4131-9f01-aa28a39b8b78,168.86,2024-10-29,Success
48f8990f-5c4d-4191-a91c-a2904b7c4777,11e5341d-ef47-4131-9f01-aa28a39b8b78,168.86,2024-11-28,Success
055d8dcd-4629-4248-9e8f-1d9f05838fef,11e5341d-ef47-4131-9f01-aa28a39b8b78,168.86,2024-12-28,Success
7714054b-6b5b-44be-9b83-10c5a5282f2d,07274805-1829-4287-bc7f-8dad1a554268,131.62,2024-01-20,Success
e9a0e877-56f2-4e13-bc9b-e767ded1784f,07274805-1829-4287-bc7f-8dad1a554268,131.62,2024-02-19,Failed
9859a635-f130-4a9f-bd66-77948f297f68,07274805-1829-4287-bc7f-8dad1a554268,131.62,2024-03-20,Success
7bf34af9-0253-4d41-bb45-264b9c882d0c,1d7e43b1-ec67-4460-9ef4-a68aa656ff2b,58.63,2024-06-04,Success
376c4de4-740f-45e8-afe8-bb6e7de7a0a5,1d7e43b1-ec67-4460-9ef4-a68aa656ff2b,58.63,2024-07-04,Success
ba6772b7-a003-4449-b328-cba7c09f09e1,1d7e43b1-ec67-4460-9ef4-a68aa656ff2b,58.63,2024-08-03,Success
86f7e619-fbd9-4beb-8e5d-851ff23c003d,1d7e43b1-ec67-4460-9ef4-a68aa656ff2b,58.63,2024-09-02,Success
a698a221-d2a9-4c37-907b-f316315d0445,1d7e43b1-ec67-4460-9ef4-a68aa656ff2b,58.63,2024-10-02,Success
164d0513-5c9b-4e8e-96b1-d993988c05e2,1d7e43b1-ec67-4460-9ef4-a68aa656ff2b,58.63,2024-11-01,Success
fb25273e-4bc7-405a-b584-a71f936c9a38,1d7e43b1-ec67-4460-9ef4-a68aa656ff2b,58.63,2024-12-01,Failed
a9e69f16-1ece-4d8f-8dd7-c745b6434a14,1d7e43b1-ec67-4460-9ef4-a68aa656ff2b,58.63,2024-12-31,Success
5f91bf5a-4018-4d0d-9d55-1434e53cded7,1d7e43b1-ec67-4460-9ef4-a68aa656ff2b,58.63,2025-01-30,Success
91e8fe5f-a182-43ba-bcb7-634ebbe06af4,1d7e43b1-ec67-4460-9ef4-a68aa656ff2b,58.63,2025-03-01,Success
9cbbc97d-da9a-4f2a-ab81-e676e94b67e2,1d7e43b1-ec67-4460-9ef4-a68aa656ff2b,58.63,2025-03-31,Success
0c0b138e-df14-4a03-83a8-040cceba1dc7,1d7e43b1-ec67-4460-9ef4-a68aa656ff2b,58.63,2025-04-30,Failed
bfbffb32-2e2b-43f3-86d9-749cd757f4a4,ae880635-1110-443c-844e-7487f50edbd2,197.34,2024-12-24,Success
db208e9f-77cb-4cc5-ae9c-3ef6d91e46e3,ae880635-1110-443c-844e-7487f50edbd2,197.34,2025-01-23,Success
1a62130c-0df2-46cc-8c17-c2e7bf1d69ed,ae880635-1110-443c-844e-7487f50edbd2,197.34,2025-02-22,Success
819b0caa-fabb-4f35-b14a-eb86f6a942c8,ae880635-1110-443c-844e-7487f50edbd2,197.34,2025-03-24,Success
ac01b4ad-416d-4790-96ca-50c25df2b72f,ae880635-1110-443c-844e-7487f50edbd2,197.34,2025-04-23,Success
af58ce1c-c2a3-4b3a-ba22-f5ec90b9296e,d9fd79a3-7fea-41d0-91d6-70d6fe3067e9,67.37,2024-03-09,Success
cd815603-6e12-4b66-a8b7-92d99fde123d,d9fd79a3-7fea-41d0-91d6-70d6fe3067e9,67.37,2024-04-08,Success
a98a37d9-3466-4666-b364-812494b12ad7,d9fd79a3-7fea-41d0-91d6-70d6fe3067e9,67.37,2024-05-08,Success
0cae5a7d-ed2d-45d5-9f65-1d4d17cd0ba4,d9fd79a3-7fea-41d0-91d6-70d6fe3067e9,67.37,2024-06-07,Success
dd110704-4807-4055-8fc0-c1d0718ab3c0,d9fd79a3-7fea-41d0-91d6-70d6fe3067e9,67.37,2024-07-07,Success
f6bdd37a-2e63-4d02-a2a2-875964b8ef99,d9fd79a3-7fea-41d0-91d6-70d6fe3067e9,67.37,2024-08-06,Success
618b8919-f53e-4aa6-8994-3741521f44bf,d9fd79a3-7fea-41d0-91d6-70d6fe3067e9,67.37,2024-09-05,Success
948b6326-ae37-42a1-bf62-ce8df472c100,66f39cfb-91a7-4e4f-8c21-8f77053fc2f5,129.34,2024-08-21,Success
4e1c5425-7c67-43f7-b6a0-c74a19b40ae5,66f39cfb-91a7-4e4f-8c21-8f77053fc2f5,129.34,2024-09-20,Success
0fe889f0-0666-4b03-b90a-3fc469ab861e,66f39cfb-91a7-4e4f-8c21-8f77053fc2f5,129.34,2024-10-20,Success
84501e1d-4eda-42b5-bc87-1c342afa1aa3,66f39cfb-91a7-4e4f-8c21-8f77053fc2f5,129.34,2024-11-19,Success
7743a92f-cce2-4061-ad76-2fc3a2369892,66f39cfb-91a7-4e4f-8c21-8f77053fc2f5,129.34,2024-12-19,Success
093c9e90-ad2a-491e-925a-3b927b038311,66f39cfb-91a7-4e4f-8c21-8f77053fc2f5,129.34,2025-01-18,Success
30c51cec-04e8-4301-89e8-5d0e2c70a0c3,66f39cfb-91a7-4e4f-8c21-8f77053fc2f5,129.34,2025-02-17,Success
affe6662-fe64-411b-b9ae-36da380a62c7,66f39cfb-91a7-4e4f-8c21-8f77053fc2f5,129.34,2025-03-19,Success
7ea738a9-32b3-4702-ad8b-73f1ed1aaad8,888f7a09-0ca6-4b40-b152-31e622235fae,151.24,2024-11-13,Success
c602f2ba-3d48-4f4e-9c46-a9f8faa35ff8,888f7a09-0ca6-4b40-b152-31e622235fae,151.24,2024-12-13,Success
0ae9afba-64e6-42ec-882d-7ea10d46bdd1,888f7a09-0ca6-4b40-b152-31e622235fae,151.24,2025-01-12,Success
c476b085-7686-41e7-b94b-acfc526ac313,888f7a09-0ca6-4b40-b152-31e622235fae,151.24,2025-02-11,Success
f3f0693f-c1c7-4858-83f8-d3492a51dafd,9ef92ba0-1a36-4843-863e-ccfa2f2cfe24,117.96,2024-04-15,Success
7e790e3c-69d1-42ba-99cb-20b65ffe314a,9ef92ba0-1a36-4843-863e-ccfa2f2cfe24,117.96,2024-05-15,Failed
a6263136-b94d-475e-813a-9ab565dcbe4a,9ef92ba0-1a36-4843-863e-ccfa2f2cfe24,117.96,2024-06-14,Success
ed485b03-f08f-48a0-8413-99640c4ebde6,9ef92ba0-1a36-4843-863e-ccfa2f2cfe24,117.96,2024-07-14,Success
72b5a2f8-e164-40e1-b816-1ed1d810d051,9ef92ba0-1a36-4843-863e-ccfa2f2cfe24,117.96,2024-08-13,Failed
cb11a34a-1b87-4992-a99b-7212c9df5c56,9ef92ba0-1a36-4843-863e-ccfa2f2cfe24,117.96,2024-09-12,Success
e7f780dc-7c2f-4c5a-b402-59eda5bf6732,9ef92ba0-1a36-4843-863e-ccfa2f2cfe24,117.96,2024-10-12,Success
45b07b6a-0e59-46a9-9214-ef92dd626437,a95e19be-7248-4a2f-b2df-2522ce11ddfb,86.62,2024-11-04,Success
4e0436a3-3e74-4f86-9fde-2015addf8eed,a95e19be-7248-4a2f-b2df-2522ce11ddfb,86.62,2024-12-04,Success
bd4e0ba6-e1b8-4585-a5df-eab938780706,a95e19be-7248-4a2f-b2df-2522ce11ddfb,86.62,2025-01-03,Success
332ad152-1834-4613-9a06-734aae78da8d,a95e19be-7248-4a2f-b2df-2522ce11ddfb,86.62,2025-02-02,Success
8c87b936-c659-4d07-80f6-51e8820b5e30,843892ad-914a-4d92-bd1a-c6835abe2584,50.56,2024-12-23,Success
004b59f9-8daa-41fe-a7cd-fa415f1b243c,843892ad-914a-4d92-bd1a-c6835abe2584,50.56,2025-01-22,Failed
5e280109-869e-46d6-912b-e29dec69f7ca,843892ad-914a-4d92-bd1a-c6835abe2584,50.56,2025-02-21,Success
5b8f3d12-8da2-4346-83bc-179294f2ecfd,7f38252e-dc61-447f-b73f-0b0f8d93ed9e,194.92,2024-09-24,Success
308936ca-e90b-4257-809e-0d3f9c816f03,7f38252e-dc61-447f-b73f-0b0f8d93ed9e,194.92,2024-10-24,Success
9ae3f602-37be-46aa-9941-6a4c69be97d4,7f38252e-dc61-447f-b73f-0b0f8d93ed9e,194.92,2024-11-23,Success
22a87eb5-a661-4637-8ea9-80943d8b298a,7f38252e-dc61-447f-b73f-0b0f8d93ed9e,194.92,2024-12-23,Success
90fae58f-74ec-4198-ae64-c0b64de58362,7f38252e-dc61-447f-b73f-0b0f8d93ed9e,194.92,2025-01-22,Success
48b6bc91-bd66-47f8-a92b-7de284779f4d,7f38252e-dc61-447f-b73f-0b0f8d93ed9e,194.92,2025-02-21,Success
218c9790-4e5c-4054-a07c-b3d16eeb0e6b,7f38252e-dc61-447f-b73f-0b0f8d93ed9e,194.92,2025-03-23,Success
42388279-9609-463b-9c34-ddc5be5b2ee5,7f38252e-dc61-447f-b73f-0b0f8d93ed9e,194.92,2025-04-22,Success
2abda1d2-eb87-4469-9a73-87a1cebd2875,7f38252e-dc61-447f-b73f-0b0f8d93ed9e,194.92,2025-05-22,Failed
94914416-39ac-490a-b587-8a8bebce1b26,7f38252e-dc61-447f-b73f-0b0f8d93ed9e,194.92,2025-06-21,Success
1c8693b8-bac5-4007-abfb-acbe677a1d91,ae42b9fa-c82f-44b1-bc5d-674246489bb6,135.84,2024-06-04,Success
bea15bbc-3e43-4d86-8245-c6fb8cae6fe5,ae42b9fa-c82f-44b1-bc5d-674246489bb6,135.84,2024-07-04,Success
f8870604-c79b-4d4c-a4fb-11073e1f9db6,ae42b9fa-c82f-44b1-bc5d-674246489bb6,135.84,2024-08-03,Success
0afc4ad1-a472-4215-9934-59e846d77863,ae42b9fa-c82f-44b1-bc5d-674246489bb6,135.84,2024-09-02,Success
71cbcfe4-2cf8-42a4-a441-92722f7dcc4d,ae42b9fa-c82f-44b1-bc5d-674246489bb6,135.84,2024-10-02,Success
bfc5c83b-d225-414c-8198-4401cf61de45,db323a44-8d79-4a75-8814-da19cb37b939,130.72,2024-09-16,Success
d6e2c80d-1f23-4251-b143-8a17664bd068,db323a44-8d79-4a75-8814-da19cb37b939,130.72,2024-10-16,Success
c5d38952-26c5-4d92-a182-263642af6cec,db323a44-8d79-4a75-8814-da19cb37b939,130.72,2024-11-15,Success
b4edd25a-e0bd-4daa-ab0b-0c1125963f3d,db323a44-8d79-4a75-8814-da19cb37b939,130.72,2024-12-15,Success
f231c89e-28b0-4bd5-b8b9-342e9c226595,db323a44-8d79-4a75-8814-da19cb37b939,130.72,2025-01-14,Failed
6a95c588-8d92-46f8-b6f6-c64b6f908cd0,c42b96a7-1554-4ea4-bd75-efff59579de4,125.54,2024-12-30,Success
7796f3cd-e942-482e-8fa6-6153dd2510b9,c42b96a7-1554-4ea4-bd75-efff59579de4,125.54,2025-01-29,Success
09339891-6067-469f-ade8-e27219c20f56,c42b96a7-1554-4ea4-bd75-efff59579de4,125.54,2025-02-28,Success
e9f9439d-82bd-40f0-ae7c-956874f1e155,5fa32313-4601-4f4f-85bf-4d5083e65d90,119.46,2024-06-07,Success
d3ed846a-88a4-4756-9400-3d9922890d35,5fa32313-4601-4f4f-85bf-4d5083e65d90,119.46,2024-07-07,Success
72b9df3f-836e-4681-9f04-27c009190ac6,5fa32313-4601-4f4f-85bf-4d5083e65d90,119.46,2024-08-06,Success
b31d7d92-d19e-4386-996e-ca1b07b7e27c,5fa32313-4601-4f4f-85bf-4d5083e65d90,119.46,2024-09-05,Success
5f848c45-8d65-4a78-9668-2123f6ae5e77,5fa32313-4601-4f4f-85bf-4d5083e65d90,119.46,2024-10-05,Success
5d922ca2-d99d-4d34-bdc4-fb6de8cf197a,5fa32313-4601-4f4f-85bf-4d5083e65d90,119.46,2024-11-04,Success
59cc2915-9998-4a03-82b8-a8fb2e2caf02,5fa32313-4601-4f4f-85bf-4d5083e65d90,119.46,2024-12-04,Success
54ee920c-0b93-408b-9642-36d0859d4693,5fa32313-4601-4f4f-85bf-4d5083e65d90,119.46,2025-01-03,Success
48a08af6-e474-45bf-9da0-bd02542493f1,5fa32313-4601-4f4f-85bf-4d5083e65d90,119.46,2025-02-02,Success
37fd12e5-a561-4fe0-89b0-99b436e0644f,5fa32313-4601-4f4f-85bf-4d5083e65d90,119.46,2025-03-04,Success
72644b72-b857-4094-8468-def504cf33a2,5fa32313-4601-4f4f-85bf-4d5083e65d90,119.46,2025-04-03,Success
c16c7f9f-9ad5-4c1e-983c-dda55d8afcbb,5041ddbe-70ad-4a0b-912a-9fae996099d1,152.48,2024-06-02,Success
79996ee1-f884-4cdf-bbe8-5127b3a069cd,5041ddbe-70ad-4a0b-912a-9fae996099d1,152.48,2024-07-02,Success
ab3357ca-43c7-4917-b965-80161401cc55,5041ddbe-70ad-4a0b-912a-9fae996099d1,152.48,2024-08-01,Success
24db7c44-b096-46e2-8257-ce64be249fca,5041ddbe-70ad-4a0b-912a-9fae996099d1,152.48,2024-08-31,Success
6a414a1e-6f14-4778-8b2f-eaa996040ea2,5041ddbe-70ad-4a0b-912a-9fae996099d1,152.48,2024-09-30,Success
cc639add-eca2-4149-835b-646441c7f319,78bd12bc-fa6c-4a9a-8f9e-36246fa1f68a,173.03,2024-08-20,Success
d83eda38-9722-4755-84ad-825e98f31ae7,78bd12bc-fa6c-4a9a-8f9e-36246fa1f68a,173.03,2024-09-19,Success
20a00e6b-8651-4302-9312-a333bf5aff40,78bd12bc-fa6c-4a9a-8f9e-36246fa1f68a,173.03,2024-10-19,Success
b47273db-0d7f-481d-b63e-fa6458bd020d,78bd12bc-fa6c-4a9a-8f9e-36246fa1f68a,173.03,2024-11-18,Success
22201a6b-7fab-45d8-a82b-c14aa11bf9b0,78bd12bc-fa6c-4a9a-8f9e-36246fa1f68a,173.03,2024-12-18,Success
f16efcdc-62f7-47f9-a33a-c6bf942aa6d0,78bd12bc-fa6c-4a9a-8f9e-36246fa1f68a,173.03,2025-01-17,Success
b58cbc4a-d1ec-421a-bd86-77d35e0fcec0,8d5d97ea-e615-4736-9a8e-0a944b026a70,130.51,2024-07-22,Success
3055401d-cbe9-479a-b65e-a7bd74849896,8d5d97ea-e615-4736-9a8e-0a944b026a70,130.51,2024-08-21,Failed
56942424-bd65-47d5-ac7f-ca83c9412ae5,8d5d97ea-e615-4736-9a8e-0a944b026a70,130.51,2024-09-20,Success
0c7cf4f5-41e9-4533-9a56-087130647ffe,8d5d97ea-e615-4736-9a8e-0a944b026a70,130.51,2024-10-20,Success
09204882-8a06-4259-a67e-74dd6df67a2b,8d5d97ea-e615-4736-9a8e-0a944b026a70,130.51,2024-11-19,Success
377e21f9-2c6c-42ff-afd8-ea2b50c13386,8d5d97ea-e615-4736-9a8e-0a944b026a70,130.51,2024-12-19,Success
02941179-fa7b-4a28-bac4-db7c9e35e1e8,8d5d97ea-e615-4736-9a8e-0a944b026a70,130.51,2025-01-18,Success
8cef4f6c-04ca-47eb-abd8-99edd395516a,8d5d97ea-e615-4736-9a8e-0a944b026a70,130.51,2025-02-17,Success
e3da4923-c9f9-4386-9f7c-387b166f5a73,62320ea2-e8c7-491c-a651-33360f18a060,160.73,2024-10-21,Success
b0df96bb-5bb6-44da-a90b-3e1223f6b6f5,62320ea2-e8c7-491c-a651-33360f18a060,160.73,2024-11-20,Success
4ad8f77d-264f-491f-9afb-111c1717f1a6,62320ea2-e8c7-491c-a651-33360f18a060,160.73,2024-12-20,Success
39c37b11-2f6b-4c9a-899c-055cf78850c3,62320ea2-e8c7-491c-a651-33360f18a060,160.73,2025-01-19,Success
8fa8ec58-b42e-4e25-a159-bb171bbd550f,62320ea2-e8c7-491c-a651-33360f18a060,160.73,2025-02-18,Success
2c42ae9f-1aab-430d-b4ec-0aab00b3ecd8,62320ea2-e8c7-491c-a651-33360f18a060,160.73,2025-03-20,Success
28366de6-557b-4c32-b81b-909f10e737c8,62320ea2-e8c7-491c-a651-33360f18a060,160.73,2025-04-19,Success
470107c0-174c-418a-9523-e981a3e1e639,62320ea2-e8c7-491c-a651-33360f18a060,160.73,2025-05-19,Success
e689ced5-5668-40aa-9233-9a674a7fe00f,62320ea2-e8c7-491c-a651-33360f18a060,160.73,2025-06-18,Success
74bc5da8-f72d-4003-8a46-26f699835ada,62320ea2-e8c7-491c-a651-33360f18a060,160.73,2025-07-18,Success
0c038185-472c-4251-8161-2e8b86c2e9fe,62320ea2-e8c7-491c-a651-33360f18a060,160.73,2025-08-17,Success
ec77aa23-7325-47ce-9c92-42cc1350668c,0d6f008b-19c4-44a2-87ee-8b5447ab7fe4,76.81,2024-10-28,Success
113f41d5-4685-4a69-a9c4-5e820f2fbb21,0d6f008b-19c4-44a2-87ee-8b5447ab7fe4,76.81,2024-11-27,Success
3ed657cf-9321-4d16-9fb2-cdc1a49de771,0d6f008b-19c4-44a2-87ee-8b5447ab7fe4,76.81,2024-12-27,Failed
73b862ac-c03b-4e2b-b0d8-aa741c1c9628,0d6f008b-19c4-44a2-87ee-8b5447ab7fe4,76.81,2025-01-26,Success
87e54b12-0fe6-4537-bb71-97781a98ec07,0d6f008b-19c4-44a2-87ee-8b5447ab7fe4,76.81,2025-02-25,Success
138c90a6-d422-4b29-ac41-a7f2f97d6e66,0d6f008b-19c4-44a2-87ee-8b5447ab7fe4,76.81,2025-03-27,Success
72f05022-da6d-4262-a54c-1d7d30872992,0d6f008b-19c4-44a2-87ee-8b5447ab7fe4,76.81,2025-04-26,Success
7ada8410-8a9c-4912-9047-5177cc1bb6da,0d6f008b-19c4-44a2-87ee-8b5447ab7fe4,76.81,2025-05-26,Success
c7287278-691b-4ac0-aa98-a98e7cc61462,0d6f008b-19c4-44a2-87ee-8b5447ab7fe4,76.81,2025-06-25,Success
2c9a31c7-4a7e-43cd-b1e2-934e90e51803,0d6f008b-19c4-44a2-87ee-8b5447ab7fe4,76.81,2025-07-25,Success
698499c8-26d1-4f08-8233-ab03a358bb29,0d6f008b-19c4-44a2-87ee-8b5447ab7fe4,76.81,2025-08-24,Success
eea52f62-c7fc-4143-a71c-bb809950509e,94263fd2-d67c-4992-b9bc-4d78355dd02b,136.97,2024-03-12,Success
8c94a55f-8801-407d-b64d-8fb1fefe0f66,94263fd2-d67c-4992-b9bc-4d78355dd02b,136.97,2024-04-11,Success
506dd9bd-f582-4030-9120-89bcb8127ec4,94263fd2-d67c-4992-b9bc-4d78355dd02b,136.97,2024-05-11,Success
f3b34bd8-d01c-4c8d-a9fc-27f492504288,94263fd2-d67c-4992-b9bc-4d78355dd02b,136.97,2024-06-10,Success
f4d12dc2-7752-4360-9d86-f38cc0bafba7,94263fd2-d67c-4992-b9bc-4d78355dd02b,136.97,2024-07-10,Success
f4dda4e9-e4d9-4566-b413-d53d711eaf88,94263fd2-d67c-4992-b9bc-4d78355dd02b,136.97,2024-08-09,Success
9d2b2a1a-cb9a-4626-8619-149ca3730887,94263fd2-d67c-4992-b9bc-4d78355dd02b,136.97,2024-09-08,Success
72944901-84c2-415f-a119-6645a858c99b,94263fd2-d67c-4992-b9bc-4d78355dd02b,136.97,2024-10-08,Success
d611b1a7-298f-432b-8be8-58a0fb9be631,278ff9cb-1323-4dea-ac75-3b53ddd0b224,104.4,2024-09-26,Success
fbcc892e-af6c-43eb-b56b-570c52aaa731,278ff9cb-1323-4dea-ac75-3b53ddd0b224,104.4,2024-10-26,Success
93fc7914-fe02-4751-9694-6d73501d126e,278ff9cb-1323-4dea-ac75-3b53ddd0b224,104.4,2024-11-25,Success
6431ca36-7f55-4e68-9b57-cde07bd86901,278ff9cb-1323-4dea-ac75-3b53ddd0b224,104.4,2024-12-25,Success
98f3ed96-fa5a-4d7b-adac-0382e78f266f,278ff9cb-1323-4dea-ac75-3b53ddd0b224,104.4,2025-01-24,Success
c839259e-0d2a-423a-bff2-74b7cc043349,278ff9cb-1323-4dea-ac75-3b53ddd0b224,104.4,2025-02-23,Success
3ec8175e-8fd1-4790-93e0-01e2bf0a182d,278ff9cb-1323-4dea-ac75-3b53ddd0b224,104.4,2025-03-25,Success
912ace05-b00a-4689-a449-a8f3ab36304d,278ff9cb-1323-4dea-ac75-3b53ddd0b224,104.4,2025-04-24,Success
502e983d-5c18-4b58-9022-9aed4390eb20,278ff9cb-1323-4dea-ac75-3b53ddd0b224,104.4,2025-05-24,Success
bb6312bd-7bd5-4ae2-8429-01b3383c26f6,278ff9cb-1323-4dea-ac75-3b53ddd0b224,104.4,2025-06-23,Success
c320eedb-ef91-4cd6-8215-d12dc00a918b,278ff9cb-1323-4dea-ac75-3b53ddd0b224,104.4,2025-07-23,Success
09fcf247-0d19-4080-8a5b-05d9ce019204,278ff9cb-1323-4dea-ac75-3b53ddd0b224,104.4,2025-08-22,Success
a4f77a36-a6fd-4bf1-ba9f-b73e521e4246,347819c6-dc6e-4fc2-9229-8096f96176dc,162.35,2024-07-05,Success
d3cf6eff-a8e4-4c79-abd4-607009818ad6,347819c6-dc6e-4fc2-9229-8096f96176dc,162.35,2024-08-04,Success
f73070d3-9fac-4262-9814-1d9c9d093885,347819c6-dc6e-4fc2-9229-8096f96176dc,162.35,2024-09-03,Success
3040a20b-0c9c-4e7d-946c-9fbfbf99eb76,347819c6-dc6e-4fc2-9229-8096f96176dc,162.35,2024-10-03,Success
61f67d44-a1e4-4051-b9a1-ab0563133d43,347819c6-dc6e-4fc2-9229-8096f96176dc,162.35,2024-11-02,Success
dbdb6874-e59c-44f7-802d-37a644d7d051,347819c6-dc6e-4fc2-9229-8096f96176dc,162.35,2024-12-02,Success
474ee29b-ba6f-4aa9-b64a-ace1457ac8bc,7ec0b874-dba9-4d5b-9e31-88f508dfa06c,120.68,2024-04-29,Success
6a6578de-6a75-450c-870d-40e0d1d59d84,7ec0b874-dba9-4d5b-9e31-88f508dfa06c,120.68,2024-05-29,Success
08384db7-914b-43d5-8c81-ee427da3bfaa,7ec0b874-dba9-4d5b-9e31-88f508dfa06c,120.68,2024-06-28,Success
f51a6f00-2fab-4a07-bf08-47d8df2fffe9,d7fbd6d0-1592-48a7-b4d8-5cf7d248259b,58.26,2024-01-10,Success
3a65c96a-c74e-4664-9e98-f051caab3dc2,d7fbd6d0-1592-48a7-b4d8-5cf7d248259b,58.26,2024-02-09,Success
25cc7e56-e0ce-4ac9-ab26-29e2c505bb03,d7fbd6d0-1592-48a7-b4d8-5cf7d248259b,58.26,2024-03-10,Failed
add3e17e-64e3-4cf5-bd53-6b9542a8380e,d7fbd6d0-1592-48a7-b4d8-5cf7d248259b,58.26,2024-04-09,Success
36ac67d2-e915-42b3-8dc9-215f5edffaeb,d7fbd6d0-1592-48a7-b4d8-5cf7d248259b,58.26,2024-05-09,Success
7e87f7de-2d17-459b-b208-bf789b0b2270,d7fbd6d0-1592-48a7-b4d8-5cf7d248259b,58.26,2024-06-08,Success
2df7bf8f-489f-4ddc-99d5-e7939d58ac09,d7fbd6d0-1592-48a7-b4d8-5cf7d248259b,58.26,2024-07-08,Success
e58955ca-49bc-41d1-b3e0-7641a95d0c31,74150392-0f4e-4226-a5ee-dd5e74858af4,73.85,2024-03-17,Success
c5ec2d34-ce89-47b4-aa6c-fe576989e040,74150392-0f4e-4226-a5ee-dd5e74858af4,73.85,2024-04-16,Success
f3d51138-f3ac-46ef-8681-97f1111f9c78,74150392-0f4e-4226-a5ee-dd5e74858af4,73.85,2024-05-16,Success
3122c258-9e07-403a-b4d4-2252e5c6e5d1,74150392-0f4e-4226-a5ee-dd5e74858af4,73.85,2024-06-15,Success
277deba1-bdc8-409c-8be3-7980b1734208,74150392-0f4e-4226-a5ee-dd5e74858af4,73.85,2024-07-15,Failed
9e27c71b-40ff-4d5f-85c5-1c76e351557d,74150392-0f4e-4226-a5ee-dd5e74858af4,73.85,2024-08-14,Success
0cac996b-ef4a-46ee-8269-3e0c96f1461a,74150392-0f4e-4226-a5ee-dd5e74858af4,73.85,2024-09-13,Success
1b190918-a3bd-4e32-84c1-3d9bda1bebbd,74150392-0f4e-4226-a5ee-dd5e74858af4,73.85,2024-10-13,Success
d9110f44-e496-4129-a67e-a6117defcba9,74150392-0f4e-4226-a5ee-dd5e74858af4,73.85,2024-11-12,Success
8453aeee-b649-42dd-b49c-8b5c88a917ac,74150392-0f4e-4226-a5ee-dd5e74858af4,73.85,2024-12-12,Success
a132518f-7d56-482e-a886-e615bb588801,74150392-0f4e-4226-a5ee-dd5e74858af4,73.85,2025-01-11,Success
5129018b-8154-4337-acf9-2fa52d3e9995,74150392-0f4e-4226-a5ee-dd5e74858af4,73.85,2025-02-10,Success
f5dfca69-68d8-4b71-b647-c713406e6978,ee01fb8c-b394-4408-a7e1-270f012adb9e,122.06,2024-04-21,Success
34bcbf66-a2f7-48d9-8da4-238b3ab1179a,ee01fb8c-b394-4408-a7e1-270f012adb9e,122.06,2024-05-21,Success
f244a2e1-7c71-4769-aad4-05cd40ab2246,ee01fb8c-b394-4408-a7e1-270f012adb9e,122.06,2024-06-20,Success
e1eab4aa-0ad6-4c20-9b63-a34f601306bb,ee01fb8c-b394-4408-a7e1-270f012adb9e,122.06,2024-07-20,Success
fc0115b1-a2d3-4fcc-9405-ed68fcf8a996,ee01fb8c-b394-4408-a7e1-270f012adb9e,122.06,2024-08-19,Success
5f7a8bdf-052d-435f-8b0b-9e46431ec55e,ee01fb8c-b394-4408-a7e1-270f012adb9e,122.06,2024-09-18,Success
f2840569-43ca-4860-94f9-175f0a47aed9,ee01fb8c-b394-4408-a7e1-270f012adb9e,122.06,2024-10-18,Success
81a2da15-23f5-4b5f-89c5-0843c559c5d2,ee01fb8c-b394-4408-a7e1-270f012adb9e,122.06,2024-11-17,Success
b9aa9851-b5da-413f-a369-ceb2bbe364b5,ee01fb8c-b394-4408-a7e1-270f012adb9e,122.06,2024-12-17,Success
e82fdd18-4bfe-4cc5-93a8-85ab557c02de,ee01fb8c-b394-4408-a7e1-270f012adb9e,122.06,2025-01-16,Success
107d577c-a520-4424-8494-c4c8bf9d63c1,84002109-79f9-4251-9715-2d0f2718046e,53.38,2024-02-17,Success
0ae91635-43f4-4d58-bafd-dcfc03e16816,84002109-79f9-4251-9715-2d0f2718046e,53.38,2024-03-18,Success
b1ae69cd-66f7-45e4-9ad6-3e4aa4168af9,84002109-79f9-4251-9715-2d0f2718046e,53.38,2024-04-17,Success
d89144df-1a93-4916-a871-8064ed8ce8f5,84002109-79f9-4251-9715-2d0f2718046e,53.38,2024-05-17,Success
51f87054-f251-4d7c-8335-fca25f12ee9d,56c65f28-bda1-4eb3-b4fd-fc5be36de7ab,124.37,2024-04-17,Success
4b6cc274-df45-45ec-a940-9417b73a6940,56c65f28-bda1-4eb3-b4fd-fc5be36de7ab,124.37,2024-05-17,Success
00518846-0124-419d-b43b-3536f9a667b9,56c65f28-bda1-4eb3-b4fd-fc5be36de7ab,124.37,2024-06-16,Success
b1d9ae68-a17a-4b29-958a-4393160379ab,56c65f28-bda1-4eb3-b4fd-fc5be36de7ab,124.37,2024-07-16,Success
d0a16c74-ff5d-438b-a206-5840c5395449,56c65f28-bda1-4eb3-b4fd-fc5be36de7ab,124.37,2024-08-15,Success
d612c7bb-aa39-4ef7-a944-4cb1e132bf4c,56c65f28-bda1-4eb3-b4fd-fc5be36de7ab,124.37,2024-09-14,Success
b0ff7a13-5f5c-4908-9745-fccdb50003d3,56c65f28-bda1-4eb3-b4fd-fc5be36de7ab,124.37,2024-10-14,Success
322e4e59-d89c-49e9-9a63-3cf121ca309d,56c65f28-bda1-4eb3-b4fd-fc5be36de7ab,124.37,2024-11-13,Success
dcfd116f-6dfe-411c-b220-395ebf926896,56c65f28-bda1-4eb3-b4fd-fc5be36de7ab,124.37,2024-12-13,Success
f363a7e8-e5a6-44a2-b2a9-895a86cec4a0,fc924430-b551-49b4-b9b8-c9d3d4d82aa2,154.66,2024-08-04,Success
f69952d6-7ebb-4f4e-a39f-fa16b93f5163,fc924430-b551-49b4-b9b8-c9d3d4d82aa2,154.66,2024-09-03,Success
2ed3f0d4-af39-4e60-83b4-b7493b07bd74,fc924430-b551-49b4-b9b8-c9d3d4d82aa2,154.66,2024-10-03,Success
c2bca332-11da-4682-8386-5f0c11ddcc33,fc924430-b551-49b4-b9b8-c9d3d4d82aa2,154.66,2024-11-02,Success
d8286f75-d677-47f1-8383-3687d2e623c3,fc924430-b551-49b4-b9b8-c9d3d4d82aa2,154.66,2024-12-02,Success
d410dca0-a93e-45e7-bf68-59c0091e8d9c,fc924430-b551-49b4-b9b8-c9d3d4d82aa2,154.66,2025-01-01,Success
e23323cf-88c1-436a-88f6-5f3cdbdce925,fc924430-b551-49b4-b9b8-c9d3d4d82aa2,154.66,2025-01-31,Success
bb443a78-24e1-4d18-be0a-fdf602d43895,9974a54d-5842-4458-a878-0780cd0ad483,73.42,2024-10-05,Success
1906d344-1caf-441f-a905-1623aa034f7c,9974a54d-5842-4458-a878-0780cd0ad483,73.42,2024-11-04,Success
628bff87-0352-4f29-b7ba-3ced35f891e4,9974a54d-5842-4458-a878-0780cd0ad483,73.42,2024-12-04,Success
4521d3e4-8f59-43de-8d35-3ec7e3b894c1,9974a54d-5842-4458-a878-0780cd0ad483,73.42,2025-01-03,Success
f64700e5-51fe-4fa2-8a22-bb29dc08cf44,9974a54d-5842-4458-a878-0780cd0ad483,73.42,2025-02-02,Success
97cdab1a-7dbb-4a60-a86b-16089384f00e,9974a54d-5842-4458-a878-0780cd0ad483,73.42,2025-03-04,Success
18529969-b5db-438f-b1ee-ebab76bf6915,83db90be-95ea-4c02-954a-6f87814acdef,75.3,2024-04-13,Success
bb8cd5f5-62bc-4354-b46d-019f9503702c,83db90be-95ea-4c02-954a-6f87814acdef,75.3,2024-05-13,Success
4e8268c9-2cbf-4fa4-80cf-33402b46aef4,83db90be-95ea-4c02-954a-6f87814acdef,75.3,2024-06-12,Failed
2830567b-3870-4589-9564-457ab6afb9d8,83db90be-95ea-4c02-954a-6f87814acdef,75.3,2024-07-12,Failed
a55ed3c2-f784-48f6-9b3e-07ff66d051f3,83db90be-95ea-4c02-954a-6f87814acdef,75.3,2024-08-11,Success
8799cbeb-5fff-4051-897b-ce3d3958d009,83db90be-95ea-4c02-954a-6f87814acdef,75.3,2024-09-10,Success
e2f5c93f-fc1e-46ab-a25c-c275cb04effc,93e4efc2-dc45-437b-8914-0ceaad6434e9,91.1,2024-04-08,Success
d0370c2f-b26e-4821-b91b-44b70ce4584d,93e4efc2-dc45-437b-8914-0ceaad6434e9,91.1,2024-05-08,Success
18121ba6-c4a6-4750-ad94-5cc954adba5a,93e4efc2-dc45-437b-8914-0ceaad6434e9,91.1,2024-06-07,Success
cd0d763b-8cf4-423f-92ea-619686d6acb9,93e4efc2-dc45-437b-8914-0ceaad6434e9,91.1,2024-07-07,Success
8db4e6d6-047c-47db-afe2-9f1afb66dcf0,93e4efc2-dc45-437b-8914-0ceaad6434e9,91.1,2024-08-06,Success
7b230d9d-6047-4159-8eb9-0587b7ccce17,93e4efc2-dc45-437b-8914-0ceaad6434e9,91.1,2024-09-05,Success
34bc77c9-0a07-461e-95d4-e66db35dad39,93e4efc2-dc45-437b-8914-0ceaad6434e9,91.1,2024-10-05,Success
1a267062-d34a-4bd4-b90f-fc3282587585,206e0fc1-70e7-4a32-a32d-8402cc2236d6,131.82,2024-08-30,Success
0827ceb2-aabb-4cab-b43c-439903c4e74c,206e0fc1-70e7-4a32-a32d-8402cc2236d6,131.82,2024-09-29,Success
3aa85172-8555-45bc-ac2e-7d1244b06a24,206e0fc1-70e7-4a32-a32d-8402cc2236d6,131.82,2024-10-29,Success
c8104f07-81af-4360-b38a-770910c24a6f,206e0fc1-70e7-4a32-a32d-8402cc2236d6,131.82,2024-11-28,Success
d81d9597-9433-4ff6-bee8-8510dc619e51,206e0fc1-70e7-4a32-a32d-8402cc2236d6,131.82,2024-12-28,Success
8bdf9b2d-d7c9-427b-b9df-431378e97503,206e0fc1-70e7-4a32-a32d-8402cc2236d6,131.82,2025-01-27,Success
d0ec3afb-4144-4d23-a7bd-c08d4099c555,206e0fc1-70e7-4a32-a32d-8402cc2236d6,131.82,2025-02-26,Success
bb07eb49-fcb1-4a6f-a196-ceb1226533e1,b0a8e4d7-4556-453b-99ab-239dc3e25dfb,91.63,2024-07-31,Success
09881832-ddfb-46a2-91d2-e8ba72eed9f4,b0a8e4d7-4556-453b-99ab-239dc3e25dfb,91.63,2024-08-30,Success
48d7ba7e-7b0a-44a1-afd7-c7b9be8c1784,b0a8e4d7-4556-453b-99ab-239dc3e25dfb,91.63,2024-09-29,Success
0ba2bc68-de93-4e74-a740-1c08c22b924c,b0a8e4d7-4556-453b-99ab-239dc3e25dfb,91.63,2024-10-29,Success
0449e0cc-7104-48c3-b19d-b3a4d6cee49f,b0a8e4d7-4556-453b-99ab-239dc3e25dfb,91.63,2024-11-28,Success
95743372-3fb4-4fda-9495-20fcbf0c26f8,b0a8e4d7-4556-453b-99ab-239dc3e25dfb,91.63,2024-12-28,Success
37c5dff4-bbbf-4be9-b278-ac32fdb4b92e,b0a8e4d7-4556-453b-99ab-239dc3e25dfb,91.63,2025-01-27,Success
fa465c89-2672-4743-9630-d06e2d09f036,b0a8e4d7-4556-453b-99ab-239dc3e25dfb,91.63,2025-02-26,Success
d499e096-4599-4274-a0cd-8cb7f7ab32e1,b0a8e4d7-4556-453b-99ab-239dc3e25dfb,91.63,2025-03-28,Success
e6622daf-f462-419e-846f-f219f376bbef,b0a8e4d7-4556-453b-99ab-239dc3e25dfb,91.63,2025-04-27,Success
2097130f-3120-488d-a5b0-a220df5cbfaf,0b9c1ddc-7c49-40f6-8b10-a1d619f1618b,149.32,2024-07-02,Success
4b530cf8-79ba-4885-b03e-e9bcc3d11e25,0b9c1ddc-7c49-40f6-8b10-a1d619f1618b,149.32,2024-08-01,Failed
4f725712-9170-4f25-8cb1-1dd5a2989263,0b9c1ddc-7c49-40f6-8b10-a1d619f1618b,149.32,2024-08-31,Success
5cc74843-9d21-4e74-9a9e-923641cb2168,0b9c1ddc-7c49-40f6-8b10-a1d619f1618b,149.32,2024-09-30,Success
ae0fb98f-f218-43d1-996a-17cf4de6dcf5,0b9c1ddc-7c49-40f6-8b10-a1d619f1618b,149.32,2024-10-30,Success
c4172f9d-5259-4c11-809d-fedd1b42cd8f,d7c5b942-3a86-486f-94ba-91d9089a45a0,70.29,2024-11-05,Success
a36dd17d-a73d-440c-80be-128c1f61fc68,d7c5b942-3a86-486f-94ba-91d9089a45a0,70.29,2024-12-05,Success
0e46e560-923c-4659-b17e-1fd70f2f7504,d7c5b942-3a86-486f-94ba-91d9089a45a0,70.29,2025-01-04,Success
c744d450-d0fc-4049-88f9-0bffa5d65cb9,d7c5b942-3a86-486f-94ba-91d9089a45a0,70.29,2025-02-03,Success
21d5db19-da55-4815-844c-17bcd808e363,d7c5b942-3a86-486f-94ba-91d9089a45a0,70.29,2025-03-05,Success
03230b05-36fe-45a5-a55a-1b8073e1a498,d7c5b942-3a86-486f-94ba-91d9089a45a0,70.29,2025-04-04,Success
bfbd8e8c-3cff-4d24-9fe9-ab3fca4d74e5,d7c5b942-3a86-486f-94ba-91d9089a45a0,70.29,2025-05-04,Success
9d7a4b49-07f7-45b9-a522-55f329ac4e67,d7c5b942-3a86-486f-94ba-91d9089a45a0,70.29,2025-06-03,Success
ad5406ba-b77e-42df-a27d-fbe5d5477c4d,d7c5b942-3a86-486f-94ba-91d9089a45a0,70.29,2025-07-03,Success
9d1946e2-bdf7-4afb-a471-1267cadb38f4,d7c5b942-3a86-486f-94ba-91d9089a45a0,70.29,2025-08-02,Success
f74bc988-4e81-4b2f-b2e4-79970ba568be,90d08033-1e26-4a13-a53d-b1c02ac76df6,147.34,2024-05-17,Success
fd8a6f8d-9324-4c4b-b978-082a43b94fb0,90d08033-1e26-4a13-a53d-b1c02ac76df6,147.34,2024-06-16,Success
0874d637-522b-46c7-a926-3f500ab3994a,90d08033-1e26-4a13-a53d-b1c02ac76df6,147.34,2024-07-16,Success
cb703ab9-2cfb-4b48-b975-f4c53f446ecd,90d08033-1e26-4a13-a53d-b1c02ac76df6,147.34,2024-08-15,Success
93c62791-8cf8-4200-895d-104feb346369,90d08033-1e26-4a13-a53d-b1c02ac76df6,147.34,2024-09-14,Success
faa58421-c8ea-4c6f-96cf-8288fa56662c,90d08033-1e26-4a13-a53d-b1c02ac76df6,147.34,2024-10-14,Success
5c87ddb9-3f10-4764-8f56-af7879aed582,e6fa76f3-5133-4233-8219-220cf062767c,193.25,2024-06-28,Success
3a6b4119-5b08-4072-971e-53409ddb4c1f,e6fa76f3-5133-4233-8219-220cf062767c,193.25,2024-07-28,Success
ef99ebfc-b45a-40e4-b375-2e9cef825357,e6fa76f3-5133-4233-8219-220cf062767c,193.25,2024-08-27,Success
718390e4-80dd-4a43-b906-5bdd7bfb5f7f,e6fa76f3-5133-4233-8219-220cf062767c,193.25,2024-09-26,Success
a0876ff2-d909-409b-bdfa-f055be60717c,e6fa76f3-5133-4233-8219-220cf062767c,193.25,2024-10-26,Success
bf3136ad-d747-40a9-bcf8-519b682ca6e1,e6fa76f3-5133-4233-8219-220cf062767c,193.25,2024-11-25,Success
447cda4d-5438-4091-9222-f820cbc5f23f,e6fa76f3-5133-4233-8219-220cf062767c,193.25,2024-12-25,Success
b5e11b70-ec55-4f09-a3ed-d8aa30946b9d,e6fa76f3-5133-4233-8219-220cf062767c,193.25,2025-01-24,Success
4c360d9d-8c04-4a44-b4ab-d33113029054,e6fa76f3-5133-4233-8219-220cf062767c,193.25,2025-02-23,Success
8b700df1-f4a8-4b2f-9bd1-ec4b2318e018,e6fa76f3-5133-4233-8219-220cf062767c,193.25,2025-03-25,Success
343e166a-fb31-4124-b1c2-f2ccb50c6a2a,990ea7ff-7d23-47e8-a445-dfdb2e30ddc0,51.03,2024-09-24,Success
c14677c4-fe29-4134-9737-0d7875299d62,990ea7ff-7d23-47e8-a445-dfdb2e30ddc0,51.03,2024-10-24,Success
775a905f-5e22-44fa-8c49-6554a1da6ada,990ea7ff-7d23-47e8-a445-dfdb2e30ddc0,51.03,2024-11-23,Success
f44c6d2c-bef6-46e7-832e-7c122ae51e60,990ea7ff-7d23-47e8-a445-dfdb2e30ddc0,51.03,2024-12-23,Success
e76b0dbb-6ec0-46f2-90cf-f277d3e62dc3,990ea7ff-7d23-47e8-a445-dfdb2e30ddc0,51.03,2025-01-22,Success
78755452-f6c7-4240-895c-b8efe43bd4dc,990ea7ff-7d23-47e8-a445-dfdb2e30ddc0,51.03,2025-02-21,Success
e593d75b-509c-40af-8e7d-cc5ac2d993ab,990ea7ff-7d23-47e8-a445-dfdb2e30ddc0,51.03,2025-03-23,Success
5e308639-cc28-4410-b39c-c01dc8b57bdb,f105d635-1dff-4f8c-8af1-fd9a8a42821c,26.39,2024-10-02,Success
35906645-c90b-4bb9-9ff6-e88f7d84dfef,f105d635-1dff-4f8c-8af1-fd9a8a42821c,26.39,2024-11-01,Success
1031e7e1-e935-49f3-b9f4-8548aedbc869,f105d635-1dff-4f8c-8af1-fd9a8a42821c,26.39,2024-12-01,Success
d1297285-80ce-49cd-bf7c-2ef416fef45c,f105d635-1dff-4f8c-8af1-fd9a8a42821c,26.39,2024-12-31,Success
fa6c58e6-8364-4e9c-8575-cb8f1eaea0d3,f105d635-1dff-4f8c-8af1-fd9a8a42821c,26.39,2025-01-30,Success
dc6835e4-afbd-47e1-a6b7-0af5c69042c3,f105d635-1dff-4f8c-8af1-fd9a8a42821c,26.39,2025-03-01,Success
76455629-122f-460f-8f5f-df91c0e227e8,f105d635-1dff-4f8c-8af1-fd9a8a42821c,26.39,2025-03-31,Success
604bfb1c-5a58-4a41-9963-a95730cd59bb,f105d635-1dff-4f8c-8af1-fd9a8a42821c,26.39,2025-04-30,Success
c42c5a0d-70d3-460e-9f40-c00dda26943e,85eb060f-0a79-4b76-bd54-061c96fb348c,175.97,2024-05-01,Success
28c3ce91-a908-4f3c-9f5a-89252cf30a02,85eb060f-0a79-4b76-bd54-061c96fb348c,175.97,2024-05-31,Success
fe224a3a-9a0b-4b53-9364-6978178c92b2,85eb060f-0a79-4b76-bd54-061c96fb348c,175.97,2024-06-30,Success
7f2272db-1c3e-4098-baeb-fedab3472197,85eb060f-0a79-4b76-bd54-061c96fb348c,175.97,2024-07-30,Success
b953b8df-07bc-4d33-a306-2fd134f6d333,394cac3d-ac4a-4094-92e0-d699681324ae,27.89,2024-07-01,Success
4e7e4e8b-05b7-4b15-b666-ac74deb7f250,394cac3d-ac4a-4094-92e0-d699681324ae,27.89,2024-07-31,Success
84a2380c-5a03-49c4-af37-a150d4aaa075,394cac3d-ac4a-4094-92e0-d699681324ae,27.89,2024-08-30,Success
5de20aa8-23b7-4f43-bacf-7ecb90e65273,394cac3d-ac4a-4094-92e0-d699681324ae,27.89,2024-09-29,Success
0ba6d723-d813-479e-9f83-df1dea10891f,59a43437-47d5-460b-ae79-51b2d6956df7,44.87,2024-09-29,Success
afd7ab52-a99b-4cd6-9495-60859c25811e,59a43437-47d5-460b-ae79-51b2d6956df7,44.87,2024-10-29,Success
08770a5b-2625-4ac3-90a9-8f9313ec29bb,59a43437-47d5-460b-ae79-51b2d6956df7,44.87,2024-11-28,Success
86ec084f-11ba-4978-99d2-ed470d89c9b0,59a43437-47d5-460b-ae79-51b2d6956df7,44.87,2024-12-28,Success
871c5026-34ec-4a0e-add2-ad43e3c277bc,139f76aa-9a02-411e-aee2-b19c86be7d2d,20.32,2024-06-23,Success
2f92ea94-055e-4c20-8b3d-112d9bae325f,139f76aa-9a02-411e-aee2-b19c86be7d2d,20.32,2024-07-23,Failed
03f2edb4-f544-4922-9e0b-3798067370a6,139f76aa-9a02-411e-aee2-b19c86be7d2d,20.32,2024-08-22,Failed
f3808c44-d82d-419e-93c4-7f4dcdcf6af1,99e36391-13e3-41b2-8340-d0596087c6e1,180.0,2024-09-18,Success
1bb27b3d-f4cf-4815-9339-183a84174806,99e36391-13e3-41b2-8340-d0596087c6e1,180.0,2024-10-18,Failed
bac5a1a7-beef-488c-9d09-ef0c32cab4e8,99e36391-13e3-41b2-8340-d0596087c6e1,180.0,2024-11-17,Success
2593de59-b740-4727-99bb-bae648d5a58a,99e36391-13e3-41b2-8340-d0596087c6e1,180.0,2024-12-17,Success
8c0c8350-b036-4819-a518-d92249e86b7c,99e36391-13e3-41b2-8340-d0596087c6e1,180.0,2025-01-16,Success
d7985dae-128e-477b-9008-ed195026c573,99e36391-13e3-41b2-8340-d0596087c6e1,180.0,2025-02-15,Success
3bed695f-43e2-4d74-95f3-6656d84e7e01,99e36391-13e3-41b2-8340-d0596087c6e1,180.0,2025-03-17,Success
7cce4690-ad1c-4421-b1a9-99c1a391cb4e,99e36391-13e3-41b2-8340-d0596087c6e1,180.0,2025-04-16,Success
c723c38a-5a42-48f7-8479-ca6a07b0eb0e,99e36391-13e3-41b2-8340-d0596087c6e1,180.0,2025-05-16,Success
485d9895-023d-4c7c-8748-71a99a1686ad,99e36391-13e3-41b2-8340-d0596087c6e1,180.0,2025-06-15,Failed
40ff1f10-0144-41fe-94cf-c6dc241f742c,99e36391-13e3-41b2-8340-d0596087c6e1,180.0,2025-07-15,Success
fcdc7e1a-cb60-4c9b-b25b-69a650fae634,99e36391-13e3-41b2-8340-d0596087c6e1,180.0,2025-08-14,Success
9df15be2-bd5f-4086-972b-ef764cf6dbb8,3a3627e5-7f0b-488f-94f1-052ebe50c4d8,26.6,2024-01-25,Success
18454f06-74dd-4bea-a224-d550c2cec5fa,3a3627e5-7f0b-488f-94f1-052ebe50c4d8,26.6,2024-02-24,Success
e78377bb-bee7-4ed5-9844-123c522c2d32,3a3627e5-7f0b-488f-94f1-052ebe50c4d8,26.6,2024-03-25,Success
73696ba3-d479-4f4c-a2fe-42edcec39f10,fc43aa32-37be-4506-bd39-b8662fb87f44,160.53,2024-04-07,Success
b4f969da-d72a-4306-927f-7e10328b3851,fc43aa32-37be-4506-bd39-b8662fb87f44,160.53,2024-05-07,Success
d1d143a2-b123-44e3-9331-6ad4ad24293e,fc43aa32-37be-4506-bd39-b8662fb87f44,160.53,2024-06-06,Success
c6ee507e-bbc7-4935-90ea-66a7175449d8,fc43aa32-37be-4506-bd39-b8662fb87f44,160.53,2024-07-06,Success
90d44cac-1cd2-4c88-858c-b30bcffc7642,fc43aa32-37be-4506-bd39-b8662fb87f44,160.53,2024-08-05,Success
ba0c0c5a-b5cc-45d5-8c21-d23d41bc4fe4,fc43aa32-37be-4506-bd39-b8662fb87f44,160.53,2024-09-04,Success
6d5aa832-ff2c-46a9-91fe-1949810d96c3,fc43aa32-37be-4506-bd39-b8662fb87f44,160.53,2024-10-04,Failed
10831731-63da-4607-85aa-aa83ae43b38f,fc43aa32-37be-4506-bd39-b8662fb87f44,160.53,2024-11-03,Success
77fb6205-1081-4620-8cc6-2ebda1c8de63,fc43aa32-37be-4506-bd39-b8662fb87f44,160.53,2024-12-03,Success
95cd04d9-7eba-4807-ac7c-266c315dff84,fc43aa32-37be-4506-bd39-b8662fb87f44,160.53,2025-01-02,Success
f4770f79-41ef-4139-9f2f-0bc9f83fc16e,8ef360c6-0110-4fcf-adaf-a52b7ff226b2,35.97,2024-12-15,Success
38598f14-25da-4f10-8411-e32db9615cee,8ef360c6-0110-4fcf-adaf-a52b7ff226b2,35.97,2025-01-14,Success
411bccbb-4920-44e9-a33b-5ed5c69652da,8ef360c6-0110-4fcf-adaf-a52b7ff226b2,35.97,2025-02-13,Success
f38980a1-9b1e-4613-ba62-6d09f56b0b75,8ef360c6-0110-4fcf-adaf-a52b7ff226b2,35.97,2025-03-15,Success
f8050831-29c2-4fc4-840b-6e93ec007186,8ef360c6-0110-4fcf-adaf-a52b7ff226b2,35.97,2025-04-14,Success
ccc1d39c-9a78-41fd-92d1-ee940b72e86b,8ef360c6-0110-4fcf-adaf-a52b7ff226b2,35.97,2025-05-14,Success
35df5057-f334-4251-9ffa-dbcc1f5ddd4c,8ef360c6-0110-4fcf-adaf-a52b7ff226b2,35.97,2025-06-13,Success
61c21462-1277-4a3a-ae36-3141b789fc7c,6a16e139-b109-4f02-8a01-6c41429559e5,87.03,2024-08-30,Success
23117e34-531d-4563-aa1b-6a63aa0e1d23,6a16e139-b109-4f02-8a01-6c41429559e5,87.03,2024-09-29,Success
95c09bd8-aa95-4144-9f46-c691af5b3d8e,6a16e139-b109-4f02-8a01-6c41429559e5,87.03,2024-10-29,Success
7a87a7f4-1d3b-44d4-a0b9-a522a3dd3de0,6a16e139-b109-4f02-8a01-6c41429559e5,87.03,2024-11-28,Success
e3a2b00a-515f-40f5-a320-2e1b9a352660,6a16e139-b109-4f02-8a01-6c41429559e5,87.03,2024-12-28,Success
337762bd-324d-4298-b5df-1ca08ebefaa1,6a16e139-b109-4f02-8a01-6c41429559e5,87.03,2025-01-27,Success
92fa846d-1816-4656-959e-3acd8125d9f4,7d39d06a-9da4-4d90-8ea0-f5925641a63c,137.23,2024-12-21,Success
0dea58c1-3fb4-45bb-aa3a-fd6d07941ada,7d39d06a-9da4-4d90-8ea0-f5925641a63c,137.23,2025-01-20,Success
e37659bd-4d75-4211-bdea-065cc18e84b7,7d39d06a-9da4-4d90-8ea0-f5925641a63c,137.23,2025-02-19,Success
5a1e81fa-1300-429d-a0e9-46e82b39312d,7d39d06a-9da4-4d90-8ea0-f5925641a63c,137.23,2025-03-21,Success
6804f66c-38be-4a45-ada0-456b8c95d99c,7d39d06a-9da4-4d90-8ea0-f5925641a63c,137.23,2025-04-20,Success
95bc72fb-13fe-4527-b901-fb409408162c,7d39d06a-9da4-4d90-8ea0-f5925641a63c,137.23,2025-05-20,Success
2b3a296e-c937-4b64-9d97-1a8535c7ba3e,7d39d06a-9da4-4d90-8ea0-f5925641a63c,137.23,2025-06-19,Success
530c2cdd-60fd-486e-a438-8eb1e6587863,7d39d06a-9da4-4d90-8ea0-f5925641a63c,137.23,2025-07-19,Success
6ee599e6-03e4-4af9-8197-3c9f2ad1c86e,7d39d06a-9da4-4d90-8ea0-f5925641a63c,137.23,2025-08-18,Success
36185308-4299-49df-b0be-fcbfa1869e5a,8bb1fb60-9595-4a0c-9805-63f5e174de2b,138.53,2024-06-22,Success
28edf58f-acb6-4ac5-b348-c0cd655858f6,8bb1fb60-9595-4a0c-9805-63f5e174de2b,138.53,2024-07-22,Success
2d69be08-7267-4cb9-a975-62dbf03cfe60,8bb1fb60-9595-4a0c-9805-63f5e174de2b,138.53,2024-08-21,Success
35dd4bef-9859-48e7-96a6-2ca2334894b7,16911d0a-976b-42dc-ba83-73777b7e7aa5,173.46,2024-01-31,Success
1ee18db8-75e7-4920-9a54-1e3ed68d4eca,16911d0a-976b-42dc-ba83-73777b7e7aa5,173.46,2024-03-01,Success
fc1e0273-667d-47c0-959e-356461fdea38,16911d0a-976b-42dc-ba83-73777b7e7aa5,173.46,2024-03-31,Failed
65c2ff0e-2a0d-44ac-8abb-5eab956699c8,16911d0a-976b-42dc-ba83-73777b7e7aa5,173.46,2024-04-30,Success
b13330b3-f51a-4dbc-9177-22a4955960ba,16911d0a-976b-42dc-ba83-73777b7e7aa5,173.46,2024-05-30,Success
297302d9-dc7b-48d8-83a3-aba5197a1c6b,6ebd811c-9579-47f8-8d6b-d5c410f6427c,168.86,2024-03-11,Success
9883f401-6673-4af1-acd3-c803a3606200,6ebd811c-9579-47f8-8d6b-d5c410f6427c,168.86,2024-04-10,Success
46a10eec-43ca-44ed-893d-57ebd1b497d4,6ebd811c-9579-47f8-8d6b-d5c410f6427c,168.86,2024-05-10,Success
bd782fb6-48b8-49bc-b99b-536b645c06a5,6ebd811c-9579-47f8-8d6b-d5c410f6427c,168.86,2024-06-09,Success
17dec767-1993-4130-a3dc-99a11f109fad,6ebd811c-9579-47f8-8d6b-d5c410f6427c,168.86,2024-07-09,Success
d4d76136-dfd1-41bf-add4-6c045e1111d7,6ebd811c-9579-47f8-8d6b-d5c410f6427c,168.86,2024-08-08,Success
7aec0dca-dfae-47b9-b97b-8f6c0acdeb4a,6ebd811c-9579-47f8-8d6b-d5c410f6427c,168.86,2024-09-07,Success
44b9c2a1-6d0a-455f-8ebb-817a31d68796,6ebd811c-9579-47f8-8d6b-d5c410f6427c,168.86,2024-10-07,Success
6ee127ef-fae2-4265-9c2f-a1f07212c0cd,6ebd811c-9579-47f8-8d6b-d5c410f6427c,168.86,2024-11-06,Success
a019cf46-ff5d-4691-af8f-5f44e998fff5,6cbcec76-5964-414b-8bce-dccacb56a2ec,155.02,2024-05-23,Success
4d03ac2c-b661-4714-ba82-c312d98c1206,6cbcec76-5964-414b-8bce-dccacb56a2ec,155.02,2024-06-22,Success
fba29ca7-48fc-46c5-8c8b-f01455ff7d8f,6cbcec76-5964-414b-8bce-dccacb56a2ec,155.02,2024-07-22,Success
3333e89d-3c9f-4460-a914-893d39210e9b,6cbcec76-5964-414b-8bce-dccacb56a2ec,155.02,2024-08-21,Failed
0c6b2bd8-8030-4716-9136-c089b51994ec,6cbcec76-5964-414b-8bce-dccacb56a2ec,155.02,2024-09-20,Failed
0f7ff89e-ccdb-450e-a36d-e09f4fb4b2d5,6cbcec76-5964-414b-8bce-dccacb56a2ec,155.02,2024-10-20,Success
ca054fb2-c38e-4fca-9989-861338b40d25,ce024e22-ae85-4cf1-bb63-2d8109a4f971,72.62,2024-11-05,Success
846a7991-5343-47ab-bb6f-981a1f660c50,ce024e22-ae85-4cf1-bb63-2d8109a4f971,72.62,2024-12-05,Success
a228f281-e06c-4f5c-8300-6ec170b54737,ce024e22-ae85-4cf1-bb63-2d8109a4f971,72.62,2025-01-04,Success
4c7ef0a3-c920-4194-aa0d-e3a2ae898735,ce024e22-ae85-4cf1-bb63-2d8109a4f971,72.62,2025-02-03,Success
50a00d43-53b2-4fcf-bf6b-dca495b0d2ca,ce024e22-ae85-4cf1-bb63-2d8109a4f971,72.62,2025-03-05,Success
79964403-781b-44c5-a6b0-dba8e0a10d1d,ce024e22-ae85-4cf1-bb63-2d8109a4f971,72.62,2025-04-04,Success
6a827410-f8a9-4af2-a0ce-ed56c35b437c,ce024e22-ae85-4cf1-bb63-2d8109a4f971,72.62,2025-05-04,Success
ada0fe49-1864-4496-88d3-c9496e940ed3,ce024e22-ae85-4cf1-bb63-2d8109a4f971,72.62,2025-06-03,Success
9b10a3ab-17b7-4b28-a5eb-8a74291ffd7e,ce024e22-ae85-4cf1-bb63-2d8109a4f971,72.62,2025-07-03,Success
8b3d483f-96ec-4e11-80b0-df509e68ca41,ce024e22-ae85-4cf1-bb63-2d8109a4f971,72.62,2025-08-02,Success
a6ce655f-6309-41ac-8221-07ba4ff693bd,ce024e22-ae85-4cf1-bb63-2d8109a4f971,72.62,2025-09-01,Success
e0c4485f-ca78-4dd9-97ed-7bf9b1be3a01,ce024e22-ae85-4cf1-bb63-2d8109a4f971,72.62,2025-10-01,Success
1f87628b-9510-447b-ae0f-7c334f4cc0f8,856c5a17-a937-4df4-86ea-4115dd095b15,58.67,2024-05-17,Success
0402a8ec-a60a-4ca5-b653-188c210af40b,856c5a17-a937-4df4-86ea-4115dd095b15,58.67,2024-06-16,Success
7fef70a2-c789-46ce-b039-28517be8fbbe,856c5a17-a937-4df4-86ea-4115dd095b15,58.67,2024-07-16,Success
1b7c2d11-769a-4a52-998c-6eb7aa09ea43,856c5a17-a937-4df4-86ea-4115dd095b15,58.67,2024-08-15,Failed
d6b481c0-6476-412e-91d3-5a2810484bd4,856c5a17-a937-4df4-86ea-4115dd095b15,58.67,2024-09-14,Success
8f28228d-646c-4c97-9f53-a6acf04b5e8c,856c5a17-a937-4df4-86ea-4115dd095b15,58.67,2024-10-14,Success
2a50fd69-254e-44e9-b739-d91998990824,856c5a17-a937-4df4-86ea-4115dd095b15,58.67,2024-11-13,Success
06bc70d2-6bb0-4aa1-9872-1770c8ba934c,856c5a17-a937-4df4-86ea-4115dd095b15,58.67,2024-12-13,Success
c2c3fd5c-7e3a-4ea2-801c-8ff0c7fb7ec0,31fbc203-c84d-4e99-9628-60f8a9bc32c6,148.28,2024-01-21,Success
22d360ad-3b33-4b6b-a0d3-07c294f20a42,31fbc203-c84d-4e99-9628-60f8a9bc32c6,148.28,2024-02-20,Success
66b505fb-0568-4863-8996-0389aea1d4a9,31fbc203-c84d-4e99-9628-60f8a9bc32c6,148.28,2024-03-21,Success
abfa4efe-21da-4d2c-9e9a-9938170fc961,31fbc203-c84d-4e99-9628-60f8a9bc32c6,148.28,2024-04-20,Success
be7d70ca-deac-43cc-9a7e-8e9f0d9b0346,31fbc203-c84d-4e99-9628-60f8a9bc32c6,148.28,2024-05-20,Success
3224e08c-9ea1-4bda-a087-f277bd2d09d6,31fbc203-c84d-4e99-9628-60f8a9bc32c6,148.28,2024-06-19,Success
b1607218-3562-48b3-b0cb-4503e46b61f3,31fbc203-c84d-4e99-9628-60f8a9bc32c6,148.28,2024-07-19,Success
35ae924c-4008-4d3a-96c9-8f1e47f30ff8,31fbc203-c84d-4e99-9628-60f8a9bc32c6,148.28,2024-08-18,Success
806705c5-3a37-4fb5-9609-cf236fc644c3,31fbc203-c84d-4e99-9628-60f8a9bc32c6,148.28,2024-09-17,Success
42ddf16e-4c38-4b27-8200-7b4a783c532c,31d660d6-cad4-42ff-867f-119a84a5978d,155.34,2024-10-04,Success
537f8efa-1455-444a-ba48-150524231b3b,31d660d6-cad4-42ff-867f-119a84a5978d,155.34,2024-11-03,Success
71745a72-b552-4fab-9be9-f4df74a36fd2,31d660d6-cad4-42ff-867f-119a84a5978d,155.34,2024-12-03,Success
ebad3e4e-6e5b-490d-a1e8-31148f4fdba2,31d660d6-cad4-42ff-867f-119a84a5978d,155.34,2025-01-02,Success
39c565dd-ed49-4a41-8ade-e1049f5c0c76,31d660d6-cad4-42ff-867f-119a84a5978d,155.34,2025-02-01,Success
8d25f125-a511-4baa-abe9-a8ac52996c3c,31d660d6-cad4-42ff-867f-119a84a5978d,155.34,2025-03-03,Success
4b975bd9-4ccb-48b2-993b-0c9c352ef678,53883d13-0248-46dc-8f27-489595ba4b6c,71.54,2024-05-03,Success
6ffc5f0b-3e2f-4562-af0a-c9757ff5a58d,53883d13-0248-46dc-8f27-489595ba4b6c,71.54,2024-06-02,Failed
cb92126b-971f-44ec-a06e-788a2e674191,53883d13-0248-46dc-8f27-489595ba4b6c,71.54,2024-07-02,Success
04f0d0b7-1690-43e3-8027-8fc5393890c4,53883d13-0248-46dc-8f27-489595ba4b6c,71.54,2024-08-01,Success
06db90e4-7577-4bd0-88db-3d8093c8e9d0,53883d13-0248-46dc-8f27-489595ba4b6c,71.54,2024-08-31,Success
ee74c1eb-d3bc-4ff0-bf4c-313b2c681c8b,53883d13-0248-46dc-8f27-489595ba4b6c,71.54,2024-09-30,Success
d025f1e1-ece0-447e-8b52-ddaa4535a774,53883d13-0248-46dc-8f27-489595ba4b6c,71.54,2024-10-30,Success
e6703c85-d0f6-4ec3-ad59-3ae949cdd437,53883d13-0248-46dc-8f27-489595ba4b6c,71.54,2024-11-29,Success
8702d85b-cf4b-4e9d-af03-fbdc6b09b2e9,53883d13-0248-46dc-8f27-489595ba4b6c,71.54,2024-12-29,Success
8a7d9868-743c-46f1-bd85-db7cf0b57f04,53883d13-0248-46dc-8f27-489595ba4b6c,71.54,2025-01-28,Success
89442714-27ea-4195-93ad-351a735152b2,53883d13-0248-46dc-8f27-489595ba4b6c,71.54,2025-02-27,Success
a7cef19d-d1b0-4197-bcc0-d9ebdc5dffaf,1c5ded29-24a7-42c0-9d18-5c2220f2e604,172.4,2024-08-21,Success
2692a39f-bdd6-4ba7-809b-98fb851ea294,1c5ded29-24a7-42c0-9d18-5c2220f2e604,172.4,2024-09-20,Success
d0ca6666-a232-4174-a502-10dedc2be742,1c5ded29-24a7-42c0-9d18-5c2220f2e604,172.4,2024-10-20,Success
f22c5779-488e-462a-8b1f-0fe1812ebb72,1c5ded29-24a7-42c0-9d18-5c2220f2e604,172.4,2024-11-19,Success
35ec9e49-4672-4433-a4b0-6cffe612ee6c,1c5ded29-24a7-42c0-9d18-5c2220f2e604,172.4,2024-12-19,Success
270ad358-53d6-49d7-a542-4aecd7bad0b8,1c5ded29-24a7-42c0-9d18-5c2220f2e604,172.4,2025-01-18,Success
e87701aa-8be7-44e7-9ae8-a1ac8e5b96d4,1c5ded29-24a7-42c0-9d18-5c2220f2e604,172.4,2025-02-17,Success
84eb3e4d-ed8e-4b76-a4d2-af3553194cf2,1c5ded29-24a7-42c0-9d18-5c2220f2e604,172.4,2025-03-19,Success
a92776e6-15ba-4101-afb3-2f20ebf06787,1c5ded29-24a7-42c0-9d18-5c2220f2e604,172.4,2025-04-18,Success
54d0f195-90fe-4e14-b5c8-d6c922499bfc,1c5ded29-24a7-42c0-9d18-5c2220f2e604,172.4,2025-05-18,Success
8b69c446-be42-4244-aac1-291696aea010,1c5ded29-24a7-42c0-9d18-5c2220f2e604,172.4,2025-06-17,Success
39c3d40d-41f1-4c15-9963-92f379c4f533,1c5ded29-24a7-42c0-9d18-5c2220f2e604,172.4,2025-07-17,Success
095bc12f-693b-4bc7-8217-168dd41f0764,8376876e-b627-4702-9037-7c4fe789565e,86.45,2024-12-25,Success
9faefbab-f24b-4f1e-b35f-621e1ab574d7,8376876e-b627-4702-9037-7c4fe789565e,86.45,2025-01-24,Success
7c19117c-7c69-418b-8e21-756c5ebff04b,8376876e-b627-4702-9037-7c4fe789565e,86.45,2025-02-23,Failed
b54e9e90-c27f-40bf-89ca-be329203417a,8376876e-b627-4702-9037-7c4fe789565e,86.45,2025-03-25,Success
37f8c523-300b-418d-97df-3c71a7345f75,8376876e-b627-4702-9037-7c4fe789565e,86.45,2025-04-24,Success
0f9c21c4-747a-4d3c-8da3-aaa66165e51b,8376876e-b627-4702-9037-7c4fe789565e,86.45,2025-05-24,Success
640e0511-e72c-4379-bd51-ef276a98a448,8376876e-b627-4702-9037-7c4fe789565e,86.45,2025-06-23,Success
98aca211-dcb7-4376-831c-2078c56de377,8376876e-b627-4702-9037-7c4fe789565e,86.45,2025-07-23,Success
19b30130-c009-4175-b0a7-9763c79f7e97,8376876e-b627-4702-9037-7c4fe789565e,86.45,2025-08-22,Success
df0bc220-e6b8-40e7-8dce-461107355bf5,8376876e-b627-4702-9037-7c4fe789565e,86.45,2025-09-21,Success
79689ffa-75de-4f57-b5e8-20ef615d46be,8376876e-b627-4702-9037-7c4fe789565e,86.45,2025-10-21,Success
27012799-8b0e-4da1-823e-29b335bc269c,93551278-3f60-4275-85ed-40bc7a2b804a,70.89,2024-07-16,Success
b7a2b52f-7546-4833-b7c1-1dacf3e0695b,93551278-3f60-4275-85ed-40bc7a2b804a,70.89,2024-08-15,Success
a5896c43-a119-4679-af2b-095997f7d753,93551278-3f60-4275-85ed-40bc7a2b804a,70.89,2024-09-14,Success
fc9099c9-81ab-4eb6-a3ab-070aea661598,8d29d499-b4f2-4daf-b33a-530406b2bd5e,155.62,2024-11-12,Success
64fd291d-c35d-4786-b446-b32500d1840a,8d29d499-b4f2-4daf-b33a-530406b2bd5e,155.62,2024-12-12,Success
511c444d-d189-4394-9b47-d067b5def2b4,8d29d499-b4f2-4daf-b33a-530406b2bd5e,155.62,2025-01-11,Success
5fdfde96-a959-4194-83db-700aa9050b23,8d29d499-b4f2-4daf-b33a-530406b2bd5e,155.62,2025-02-10,Success
d53f9317-d8b1-44a1-a1b7-9bd70bf3afc2,8d29d499-b4f2-4daf-b33a-530406b2bd5e,155.62,2025-03-12,Success
237ed258-51a3-4877-8da8-c31b2ea9d468,8d29d499-b4f2-4daf-b33a-530406b2bd5e,155.62,2025-04-11,Success
2808da06-7bd0-418a-b78c-dd6c5c437c93,8d29d499-b4f2-4daf-b33a-530406b2bd5e,155.62,2025-05-11,Success
955dd191-825c-4941-b23d-9061689278a3,8d29d499-b4f2-4daf-b33a-530406b2bd5e,155.62,2025-06-10,Failed
4a2005c7-2450-41a8-88f9-0f64cea5b4b8,8d29d499-b4f2-4daf-b33a-530406b2bd5e,155.62,2025-07-10,Success
58c56a4f-fc39-4f9c-836d-357059838ce8,cff11840-ab0c-49bc-b201-0f8a6a8865a2,31.0,2024-11-29,Success
707a60fc-af1e-4d25-b0d5-c1abd7a19b0e,cff11840-ab0c-49bc-b201-0f8a6a8865a2,31.0,2024-12-29,Success
fa8b6917-3879-42fc-aff8-bba6b484d14d,cff11840-ab0c-49bc-b201-0f8a6a8865a2,31.0,2025-01-28,Success
010c7014-ff5a-4559-b589-ca8ae8d5a789,cff11840-ab0c-49bc-b201-0f8a6a8865a2,31.0,2025-02-27,Success
f998632b-15cc-4b70-acc3-25e4767576d2,cff11840-ab0c-49bc-b201-0f8a6a8865a2,31.0,2025-03-29,Success
1d54152d-005f-4443-a7cc-b52a9faf6ec5,cff11840-ab0c-49bc-b201-0f8a6a8865a2,31.0,2025-04-28,Success
e9cd1c79-4d1c-4dd4-aa15-f14caa17d2ba,cff11840-ab0c-49bc-b201-0f8a6a8865a2,31.0,2025-05-28,Success
6fe133ee-c2e9-4246-9ce9-7abc4d1bfe94,cff11840-ab0c-49bc-b201-0f8a6a8865a2,31.0,2025-06-27,Success
8e8bcba6-9b6a-40eb-a81e-095e21a3bdd6,cff11840-ab0c-49bc-b201-0f8a6a8865a2,31.0,2025-07-27,Success
ba5caf16-92af-4636-a97b-9cc9a34f72b5,cff11840-ab0c-49bc-b201-0f8a6a8865a2,31.0,2025-08-26,Success
d197ba8a-7c03-44be-b760-4ada48b093b0,cff11840-ab0c-49bc-b201-0f8a6a8865a2,31.0,2025-09-25,Success
0b2bed82-71d0-457a-aec5-fd0f70129bda,cff11840-ab0c-49bc-b201-0f8a6a8865a2,31.0,2025-10-25,Success
75380884-1913-40ae-b685-8ceb684480f0,34adea36-1e5c-413e-871d-caa49fc3f2c1,163.04,2024-06-19,Success
b942213d-8b0b-45d0-9341-7edee1458c52,34adea36-1e5c-413e-871d-caa49fc3f2c1,163.04,2024-07-19,Success
5bee8189-aec2-454b-ab2e-97591f34b79b,34adea36-1e5c-413e-871d-caa49fc3f2c1,163.04,2024-08-18,Success
4d5ff3dc-c951-41d5-a3b7-ee3d971c0428,34adea36-1e5c-413e-871d-caa49fc3f2c1,163.04,2024-09-17,Success
5580274e-b23d-4b3f-b1dc-89837df91f16,34adea36-1e5c-413e-871d-caa49fc3f2c1,163.04,2024-10-17,Success
248ddace-4a81-4f3a-abcc-197c8eb86ba9,34adea36-1e5c-413e-871d-caa49fc3f2c1,163.04,2024-11-16,Success
b1f4ef3d-5dc9-4516-a422-b0c2371caf46,34adea36-1e5c-413e-871d-caa49fc3f2c1,163.04,2024-12-16,Success
75d1b6ef-fcc7-46e2-a6d7-f9652d0c2964,c42e70a3-aa21-4231-98eb-84d2256ce6d1,28.66,2024-07-16,Success
5ce5bbef-748f-43ea-b43e-a4c850646575,c42e70a3-aa21-4231-98eb-84d2256ce6d1,28.66,2024-08-15,Failed
00dd9bba-49a8-42ce-b360-84565f8fc6a7,c42e70a3-aa21-4231-98eb-84d2256ce6d1,28.66,2024-09-14,Success
ccbad70b-4f68-41c9-b1b1-a56414dc0da0,c42e70a3-aa21-4231-98eb-84d2256ce6d1,28.66,2024-10-14,Success
ad63c4c7-7d70-44ec-bd67-7b9fb83dac57,c42e70a3-aa21-4231-98eb-84d2256ce6d1,28.66,2024-11-13,Success
47e53778-8650-4882-8e88-b217ac2a5b24,c42e70a3-aa21-4231-98eb-84d2256ce6d1,28.66,2024-12-13,Success
867b49e8-d7ff-4a22-9a55-344bc28f3335,c42e70a3-aa21-4231-98eb-84d2256ce6d1,28.66,2025-01-12,Success
d5a6b3b8-e9fe-4eff-83fd-3ed7ce576681,c42e70a3-aa21-4231-98eb-84d2256ce6d1,28.66,2025-02-11,Success
2d4e52c3-52c6-4fe9-ae9f-97223b38c08e,c42e70a3-aa21-4231-98eb-84d2256ce6d1,28.66,2025-03-13,Success
eaa9abf2-5b6e-4efe-9913-a27b8bd03a71,cbb44db0-c714-417d-9d01-ff393a44ac88,110.58,2024-10-14,Success
06bf84ab-d754-4900-a4c4-bb23f00c441e,cbb44db0-c714-417d-9d01-ff393a44ac88,110.58,2024-11-13,Success
6a8fc5ca-ef9d-4cbe-b63c-8164db06d408,cbb44db0-c714-417d-9d01-ff393a44ac88,110.58,2024-12-13,Success
32fa8369-d115-4119-b2fb-e292666ff799,cbb44db0-c714-417d-9d01-ff393a44ac88,110.58,2025-01-12,Success
4396a6f3-0db7-47da-8f98-058fabba3870,cbb44db0-c714-417d-9d01-ff393a44ac88,110.58,2025-02-11,Success
1cf158cb-3278-40c6-af08-37c6f5d5d76b,cbb44db0-c714-417d-9d01-ff393a44ac88,110.58,2025-03-13,Success
dadf7ad3-bc3a-486d-b3ee-d3dcba3fb80f,cbb44db0-c714-417d-9d01-ff393a44ac88,110.58,2025-04-12,Success
c04adb76-8160-4ba0-a17b-94fbd22ae0ec,5256a119-52e5-42e9-b09f-6857063658fe,95.09,2024-04-08,Success
a8c10d0a-fdee-4944-881f-3d81fec9b8c2,5256a119-52e5-42e9-b09f-6857063658fe,95.09,2024-05-08,Success
8d3b1f9f-4abb-4bf7-9be6-a4bdce37821c,5256a119-52e5-42e9-b09f-6857063658fe,95.09,2024-06-07,Success
2685e922-7386-426f-8a9b-3459fa831e2e,5256a119-52e5-42e9-b09f-6857063658fe,95.09,2024-07-07,Success
3c626255-632b-45dd-81b2-9978ff637970,5256a119-52e5-42e9-b09f-6857063658fe,95.09,2024-08-06,Success
39ba724a-ade6-46e7-8c5a-38f6444aa81c,5256a119-52e5-42e9-b09f-6857063658fe,95.09,2024-09-05,Success
c9e674cb-b802-4499-b03c-98e061dfc7d9,1f82ef4a-2f0a-4fbb-a411-e2b7c62dfaed,59.29,2024-07-11,Success
abe598b4-02c6-446f-9445-781938d6af8e,1f82ef4a-2f0a-4fbb-a411-e2b7c62dfaed,59.29,2024-08-10,Success
ae4a0147-e524-4faa-87c5-5ee5705d0cf0,1f82ef4a-2f0a-4fbb-a411-e2b7c62dfaed,59.29,2024-09-09,Success
a2ed59aa-1aa9-415d-b689-e4b2dcad9fe3,1f82ef4a-2f0a-4fbb-a411-e2b7c62dfaed,59.29,2024-10-09,Success
3a7a514d-79b4-43e1-b0ef-67ff16ff63e2,1f82ef4a-2f0a-4fbb-a411-e2b7c62dfaed,59.29,2024-11-08,Success
ae616369-3144-40b2-8cf0-209b8fce4f1e,1f82ef4a-2f0a-4fbb-a411-e2b7c62dfaed,59.29,2024-12-08,Success
321a8dcf-17b2-4d52-b40a-d74a57f1c6a4,1f82ef4a-2f0a-4fbb-a411-e2b7c62dfaed,59.29,2025-01-07,Success
2a4e6e65-5834-4a79-8c51-bca242fabf94,c9170971-adf0-43d1-8442-c927d3caeefa,183.08,2024-01-11,Success
33254bc8-08f3-4dc2-8988-f99261cb1427,c9170971-adf0-43d1-8442-c927d3caeefa,183.08,2024-02-10,Success
488b3f92-db88-42e5-b742-7bd1fc085a3a,c9170971-adf0-43d1-8442-c927d3caeefa,183.08,2024-03-11,Success
4d0ed013-e0f8-4891-9eec-e5673f34bd8d,c9170971-adf0-43d1-8442-c927d3caeefa,183.08,2024-04-10,Success
22fd6c37-f38a-476f-a936-f8ac4399536d,c9170971-adf0-43d1-8442-c927d3caeefa,183.08,2024-05-10,Success
032b98f2-8d5b-4bac-b2ec-7dcbae5af68a,c9170971-adf0-43d1-8442-c927d3caeefa,183.08,2024-06-09,Success
917d2a69-ff9b-4fb4-acbd-2d39150f2338,c9170971-adf0-43d1-8442-c927d3caeefa,183.08,2024-07-09,Success
98c19ff4-2a1b-4d20-adcc-d26e2dd2956d,c9170971-adf0-43d1-8442-c927d3caeefa,183.08,2024-08-08,Success
2639fd4a-4b18-4d71-814e-1d59cd606d24,c9170971-adf0-43d1-8442-c927d3caeefa,183.08,2024-09-07,Failed
a0b3e7ad-20c2-405e-89ef-41e9a85df9a4,c9170971-adf0-43d1-8442-c927d3caeefa,183.08,2024-10-07,Success
9e0b276e-7b7e-4780-9da8-c953bc6772d5,c9170971-adf0-43d1-8442-c927d3caeefa,183.08,2024-11-06,Success
1dc776d9-8f69-4f81-83cb-090df2bbc0e5,a4ebd214-c4ae-4973-9939-4160ea449451,128.59,2024-04-21,Success
cf1738d9-3bb7-4f42-986f-1d8acf74e3ca,a4ebd214-c4ae-4973-9939-4160ea449451,128.59,2024-05-21,Success
91092d79-833e-47f8-8a2b-074e071081b3,a4ebd214-c4ae-4973-9939-4160ea449451,128.59,2024-06-20,Success
e1100e3c-15b4-4fab-bb06-163ec17e4d83,a4ebd214-c4ae-4973-9939-4160ea449451,128.59,2024-07-20,Success
6839f5a8-c6a1-44e0-8be0-7670ff69f0a5,a4ebd214-c4ae-4973-9939-4160ea449451,128.59,2024-08-19,Success
1c541883-b312-4688-8351-a76c04747430,a4ebd214-c4ae-4973-9939-4160ea449451,128.59,2024-09-18,Success
9d2103ae-578e-424d-9a61-89c07a6e9cd3,a4ebd214-c4ae-4973-9939-4160ea449451,128.59,2024-10-18,Success
973a02b6-61cf-4a20-90b6-c2b1b09fa6bd,a4ebd214-c4ae-4973-9939-4160ea449451,128.59,2024-11-17,Success
fca4057e-e531-413a-93a6-aa3fa14be0a9,13d3fe8e-c4ba-44b2-9f12-665c78fd0c13,180.17,2024-02-19,Success
ea957d07-4092-482e-9521-54ba1dd05cc5,13d3fe8e-c4ba-44b2-9f12-665c78fd0c13,180.17,2024-03-20,Success
b92261a4-de46-475c-ab8a-a01a7a14908b,13d3fe8e-c4ba-44b2-9f12-665c78fd0c13,180.17,2024-04-19,Failed
86d2ac5e-4093-42ee-992f-96fef9b1185e,13d3fe8e-c4ba-44b2-9f12-665c78fd0c13,180.17,2024-05-19,Success
